ders	ünite_adı	konu_adı	soru_metni	a	b	c	d	e	dogru	açıklama	zorluk
Tarih	İnsanlığın Hafızası Tarih	Tarih Bilimi ve Konusu	Tarihin diğer sosyal bilimlerden ayrılan en belirgin özelliği aşağıdakilerden hangisidir?	İnsan topluluklarını yalnızca ekonomik yönüyle incelemesi	Olayları deney ve gözlem yoluyla tekrar edebilmesi	İnsan faaliyetlerini yer, zaman ve sebep-sonuç ilişkisi içinde belgelere dayalı incelemesi	Yalnızca devletler arası savaşları konu edinmesi	Doğanın fiziksel özelliklerini araştırması	c	Tarih, insan topluluklarının geçmişteki faaliyetlerini yer ve zaman göstererek; sebep-sonuç ilişkisi içinde belgelere dayanarak inceler.	orta
Tarih	İnsanlığın Hafızası Tarih	Tarih Bilimi ve Konusu	Bir tarihçinin geçmişte yaşanan bir olayı bugünün değer yargılarıyla değil, yaşandığı dönemin koşullarıyla değerlendirmesi aşağıdakilerden hangisini gösterir?	Tarihî olayların tekrarlanabileceğini	Tarihî bilginin yalnızca sözlü kaynaklara dayandığını	Tarihî olayların kendi dönemi içinde ele alınması gerektiğini	Tarihte kesin kanunların bulunduğunu	Tarihin deneysel bir bilim olduğunu	c	Tarihî olaylar doğru yorumlanabilmek için yaşandıkları dönemin siyasi, sosyal ve kültürel şartları içinde değerlendirilmelidir.	orta
Tarih	İnsanlığın Hafızası Tarih	Kaynakların Sınıflandırılması	Aşağıdakilerden hangisi birinci el tarihî kaynağa örnektir?	Ders kitabı	Ansiklopedi	Olay dönemine ait ferman	Belgesel film	Tarih araştırma kitabı	c	Birinci el kaynaklar, olayın yaşandığı döneme ait belge ve buluntulardır. Fermanlar dönemin resmî belgeleri olduğu için birinci el kaynaktır.	kolay
Tarih	İnsanlığın Hafızası Tarih	Kaynakların Sınıflandırılması	Bir tarihçinin Osmanlı dönemine ait kitabe, para ve fermanları incelemesi öncelikle hangi tür kaynaklardan yararlandığını gösterir?	İkinci el kaynaklar	Sözlü kaynaklar	Birinci el kaynaklar	Edebî kaynaklar	Yardımcı kaynaklar	c	Kitabe, para ve ferman olayın yaşandığı döneme ait olduğu için birinci el tarihî kaynak sayılır.	orta
Tarih	İnsanlığın Hafızası Tarih	Tarihe Yardımcı Bilim Dalları	Tarih öncesi dönemlerin aydınlatılmasında tarihe en çok yardımcı olan bilim dalı aşağıdakilerden hangisidir?	Paleografya	Nümismatik	Arkeoloji	Epigrafi	Filoloji	c	Arkeoloji kazılar yoluyla toprak ve su altındaki maddi kalıntıları ortaya çıkarır. Tarih öncesi dönemlerde yazı olmadığı için en çok arkeolojiden yararlanılır.	kolay
Tarih	İnsanlığın Hafızası Tarih	Tarihe Yardımcı Bilim Dalları	Aşağıdaki bilim dallarından hangisinin eşleştirmesi doğrudur?	Nümismatik - Eski yazıları inceleme	Paleografya - Paraları inceleme	Epigrafi - Kitabe ve mezar taşlarındaki yazıları inceleme	Kronoloji - Toplumların geleneklerini inceleme	Etnografya - Devlet armalarını inceleme	c	Epigrafi, kitabe, anıt ve mezar taşları üzerindeki yazıları inceler.	orta
Tarih	Zamanın Taksimi	Takvim Sistemlerinin Doğuşu	Tarihte bilinen ilk Ay yılı esaslı takvimi kullanan uygarlık aşağıdakilerden hangisidir?	Mısırlılar	Sümerler	Romalılar	Yunanlar	İbraniler	b	Sümerler, Ay’ın Dünya etrafındaki hareketini esas alan ilk takvimi kullanmıştır.	kolay
Tarih	Zamanın Taksimi	Takvim Sistemlerinin Doğuşu	Aşağıdaki eşleştirmelerden hangisi doğrudur?	Müslümanlar - İlk Olimpiyat Oyunları	Hristiyanlar - Hz. Muhammed’in hicreti	Yunanlar - MÖ 776 İlk Olimpiyat Oyunları	İbraniler - Hz. İsa’nın doğumu	Romalılar - Yaradılış yılı	c	Yunanlar takvim başlangıcı olarak ilk olimpiyat oyunlarının yapıldığı MÖ 776 yılını kabul etmiştir.	orta
Tarih	Zamanın Taksimi	Türklerin Kullandığı Takvimler	Aşağıdakilerden hangisi Türklerin kullandığı ilk takvimdir?	Hicrî Takvim	Celâlî Takvim	Rûmî Takvim	On İki Hayvanlı Türk Takvimi	Miladi Takvim	d	On İki Hayvanlı Türk Takvimi, Türklerin kullandığı ilk takvimdir; Güneş yılı esaslıdır ve yıllar hayvan adlarıyla gösterilir.	kolay
Tarih	Zamanın Taksimi	Türklerin Kullandığı Takvimler	Osmanlı Devleti’nde mali işlerin düzenlenmesi amacıyla kullanılan takvim aşağıdakilerden hangisidir?	Hicrî Takvim	Celâlî Takvim	Rûmî Takvim	On İki Hayvanlı Türk Takvimi	Miladi Takvim	c	Rûmî Takvim, Osmanlı Devleti’nde özellikle mali işlerin düzenlenmesi amacıyla kullanılmıştır.	orta
Tarih	Zamanın Taksimi	Türklerin Kullandığı Takvimler	Hicrî Takvim ile ilgili aşağıdakilerden hangisi doğrudur?	Güneş yılı esasına dayanır	Başlangıç yılı 1079’dur	Yıllar hayvan adlarıyla gösterilir	Hz. İsa’nın doğumunu başlangıç kabul eder	Hz. Muhammed’in hicretini başlangıç kabul eder	e	Hicrî Takvim Ay yılı esaslıdır ve başlangıç olarak 622 yılındaki Hicret’i kabul eder.	orta
Tarih	Avrasya'da İlk Türk İzleri	Avrasya ve Türk Adı	Türk adının anlamı ile ilgili aşağıdakilerden hangisi doğru bir bilgi değildir?	Güçlü ve kuvvetli anlamında kullanılmıştır	Türeyiş ve çoğalma anlamıyla ilişkilendirilmiştir	Töreli, düzenli anlamında yorumlanmıştır	Yalnızca belirli bir boyun adı olarak kullanılmıştır	Olgunluk çağı anlamıyla açıklanmıştır	d	Türk adı yalnızca belirli bir boyun adı değildir; zamanla siyasi ve etnik bir ad olarak geniş bir topluluğu ifade etmiştir.	orta
Tarih	Avrasya'da İlk Türk İzleri	Avrasya ve Türk Adı	Türk adını devlet adı olarak kullanan ilk Türk devleti aşağıdakilerden hangisidir?	Asya Hun Devleti	Avrupa Hun Devleti	I. Kök Türk Devleti	Uygur Devleti	Hazar Devleti	c	Türk adını devlet adı olarak kullanan ilk Türk devleti I. Kök Türk Devleti’dir.	kolay
Tarih	Avrasya'da İlk Türk İzleri	Orta Asya Kültür Merkezleri	Aşağıdaki kültür merkezlerinden hangisi Türklerde atın evcilleştirildiği ve atlı göçebe yaşamın geliştiği yerlerden biri olarak kabul edilir?	Anav	Afanasyevo	Andronova	Karasuk	Taspar	b	Afanasyevo Kültürü, atın evcilleştirilmesi ve atlı göçebe yaşamın gelişimiyle ilişkilendirilir.	orta
Tarih	Avrasya'da İlk Türk İzleri	Orta Asya Kültür Merkezleri	Türk kültür çevresinde demirin işlenmesi ve savaş araçlarının gelişmesiyle öne çıkan kültür merkezi aşağıdakilerden hangisidir?	Anav	Afanasyevo	Andronova	Karasuk	Taş Devri	d	Karasuk Kültürü’nde demir işçiliği ilerlemiş, silah ve savaş araçlarında önemli gelişmeler görülmüştür.	orta
Tarih	Avrasya'da İlk Türk İzleri	Bozkır Coğrafyası ve Askerî Kültür	Bozkır coğrafyasının Türk toplumlarında aşağıdakilerden hangisinin gelişmesinde daha etkili olduğu söylenebilir?	Deniz ticaretinin	Şehir devletlerinin	Atlı savaşçılığın ve hareketli orduların	Derebeylik sisteminin	Toprağa bağlı köylü düzeninin	c	Bozkır yaşamı, hayvancılığa dayalı hareketli hayatı ve atlı savaşçılığı geliştirmiştir.	kolay
Tarih	Avrasya'da İlk Türk İzleri	Bozkır Coğrafyası ve Askerî Kültür	İlk Türk devletlerinde uygulanan onlu sistemin temel amacı aşağıdakilerden hangisidir?	Vergi gelirlerini artırmak	Orduyu düzenli ve kolay yönetilebilir hâle getirmek	Tarım üretimini denetlemek	Dinî törenleri düzenlemek	Şehirlerde güvenliği sağlamak	b	Onlu sistem, ordunun on, yüz, bin ve on binlik birliklere ayrılarak düzenli biçimde yönetilmesini sağlamıştır.	orta
Tarih	Avrasya'da İlk Türk İzleri	Bozkır Coğrafyası ve Askerî Kültür	Türk savaş taktiklerinden biri olan Turan Taktiği’nin temel özelliği aşağıdakilerden hangisidir?	Kaleleri uzun süre kuşatmak	Doğrudan merkezden saldırmak	Sahte geri çekilme ile düşmanı çember içine almak	Yalnızca gece baskınları yapmak	Düşmanı aç bırakmak	c	Turan Taktiği’nde birlikler geri çekiliyor gibi yaparak düşmanı uygun alana çeker ve çevreleyerek saldırır.	orta
Tarih	Boylardan Devlete-I	Türklerde Sosyal Yapı	İlk Türk devletlerinde toplumun en küçük sosyal birimi aşağıdakilerden hangisidir?	Boy	Budun	Oguş	İl	Uluf	e	İlk Türk toplumunda aileye oguş denirdi. Oguşların birleşmesiyle urug, urugların birleşmesiyle boy, boyların birleşmesiyle budun oluşurdu.	kolay
Tarih	Boylardan Devlete-I	Türklerde Sosyal Yapı	İlk Türk devletlerinde boyların birleşmesiyle oluşan ve ortak dil, kültür ile siyasi bağ taşıyan topluluğa ne ad verilirdi?	Oguş	Urug	Budun	İl	Toy	c	Budun, boyların birleşmesiyle oluşan millet anlamındaki topluluktur.	orta
Tarih	Boylardan Devlete-I	Kut Anlayışı ve Devlet Teşkilatı	İlk Türk devletlerinde hükümdara devleti yönetme yetkisinin Gök Tanrı tarafından verildiğine inanılması aşağıdaki kavramlardan hangisiyle açıklanır?	Töre	Kut	Kurgan	Toy	Tamga	b	Kut anlayışına göre hükümdarlık yetkisi Gök Tanrı tarafından hanedana verilirdi.	kolay
Tarih	Boylardan Devlete-I	Kut Anlayışı ve Devlet Teşkilatı	Aşağıdakilerden hangisi ilk Türk devletlerinde hükümdarın yetkilerini sınırlayan unsurlardan biri değildir?	Töre	Kurultay	Kut anlayışı	Halkın gelenekleri	Hükümdarın keyfî kararları	e	Töre, kurultay ve gelenekler hükümdarın yetkilerini sınırlandırırdı. Hükümdarın keyfî kararları ise sınırlayıcı değil, aksine sınırsız yönetim anlayışını ifade eder.	orta
Tarih	Boylardan Devlete-II	Asya Hun ve I. Kök Türk Devletleri	Asya Hun Devleti’nin en güçlü hükümdarı kabul edilen ve Çin’e karşı mücadele eden hükümdar aşağıdakilerden hangisidir?	Teoman	Mete Han	Bumin Kağan	Kutluk Kağan	Bilge Kağan	b	Mete Han, Asya Hun Devleti’nin en güçlü hükümdarıdır. Çin’e karşı mücadele etmiş ve Türk ordusundaki onlu sistemi geliştirmiştir.	kolay
Tarih	Boylardan Devlete-II	Asya Hun ve I. Kök Türk Devletleri	I. Kök Türk Devleti’nin kısa sürede geniş bir coğrafyada hâkimiyet kurmasında aşağıdakilerden hangisinin etkili olduğu söylenebilir?	Deniz ticaretine ağırlık vermesi	İpek Yolu’na hâkim olmak istemesi	Feodal yönetim uygulaması	Yerleşik tarıma geçmesi	Avrupa devletleriyle ittifak kurması	b	I. Kök Türk Devleti, İpek Yolu’nun denetimini ele geçirmek için mücadele etmiş; bu durum siyasi ve ekonomik gücünü artırmıştır.	orta
Tarih	Boylardan Devlete-II	II. Kök Türk ve Uygur Devletleri	II. Kök Türk Devleti’nde Türk tarihinin ilk yazılı belgeleri kabul edilen Orhun Yazıtları aşağıdaki hükümdarlardan hangisi döneminde dikilmiştir?	Mete Han	Attila	Bilge Kağan	Bumin Kağan	İstemi Yabgu	c	Orhun Yazıtları, Bilge Kağan, Kültigin ve Tonyukuk adına dikilmiştir. Türk tarihinin ilk yazılı belgeleri kabul edilir.	kolay
Tarih	Boylardan Devlete-II	II. Kök Türk ve Uygur Devletleri	Uygurların Maniheizm dinini kabul etmelerinin aşağıdakilerden hangisine ortam hazırladığı söylenebilir?	Savaşçı özelliklerinin güçlenmesine	Konar-göçer yaşamın tamamen yayılmasına	Yerleşik yaşama ve şehir kültürüne yönelmelerine	İpek Yolu üzerindeki hâkimiyetlerinin sona ermesine	Kut anlayışının ortadan kalkmasına	c	Maniheizm et yemeyi ve savaşçılığı sınırlayan yönleriyle Uygurları yerleşik yaşama, tarıma ve şehir kültürüne yöneltmiştir.	orta
Tarih	Boylardan Devlete-II	İlk Türk Devletlerinde Töre	İlk Türk devletlerinde yazısız hukuk kurallarına verilen ad aşağıdakilerden hangisidir?	Kut	Töre	Tamga	Kurgan	Şölen	b	Töre, ilk Türk devletlerinde toplum ve devlet hayatını düzenleyen yazısız hukuk kurallarıdır.	kolay
Tarih	Boylardan Devlete-II	İlk Türk Devletlerinde Töre	Aşağıdakilerden hangisi ilk Türk devletlerinde törenin oluşmasında etkili olan unsurlardan biri değildir?	Hükümdar kararları	Kurultay kararları	Halkın gelenekleri	Gök Tanrı inancı	Yazılı anayasa hükümleri	e	Töre; gelenekler, kurultay kararları ve hükümdar emirleriyle oluşurdu. İlk Türk devletlerinde modern anlamda yazılı anayasa yoktur.	orta
Tarih	Kavimler Göçü	Kavimler Göçü ve Sonuçları	Kavimler Göçü'nün başlamasında etkili olan temel gelişme aşağıdakilerden hangisidir?	Roma İmparatorluğu'nun ikiye ayrılması	Hunların batıya doğru ilerlemesi	Feodalitenin güçlenmesi	İlk Çağ'ın sona ermesi	Avrupa milletlerinin kurulması	b	Hunların Balamir önderliğinde batıya ilerlemesi, Germen kavimlerini Roma topraklarına yöneltmiş ve Kavimler Göçü'nü başlatmıştır.	kolay
Tarih	Kavimler Göçü	Kavimler Göçü ve Sonuçları	Aşağıdakilerden hangisi Kavimler Göçü'nün Avrupa'daki sonuçlarından biri değildir?	Roma İmparatorluğu'nun Doğu ve Batı olarak ayrılması	Feodalitenin güç kazanması	Skolastik düşüncenin yayılması	Avrupa milletlerinin temellerinin atılması	Merkezî krallıkların hemen güçlenmesi	e	Kavimler Göçü sonrasında Avrupa'da merkezî krallıklar değil, derebeylik yani feodalite güç kazanmıştır.	orta
Tarih	Kavimler Göçü	Avrupa Hun Devleti	Avrupa Hun Devleti'nin en güçlü dönemi aşağıdaki hükümdarlardan hangisi zamanında yaşanmıştır?	Balamir	Uldız	Attila	Mete Han	Bilge Kağan	c	Avrupa Hun Devleti, Attila döneminde siyasi ve askerî açıdan en geniş etki alanına ulaşmıştır.	kolay
Tarih	Kavimler Göçü	Avrupa Hun Devleti	Attila'nın Doğu Roma'yı vergiye bağlamasında etkili olan antlaşmalar aşağıdakilerden hangisidir?	Karadeniz ve İstanbul	Karlofça ve Pasarofça	Margus ve Anatolios	Prut ve Belgrad	Zitvatorok ve Bucaş	c	Attila, Doğu Roma ile yaptığı Margus ve Anatolios Antlaşmaları sonucunda Doğu Roma'yı vergiye bağlamıştır.	orta
Tarih	Kavimler Göçü	Diğer Türk Boyları	Aşağıdaki Türk boylarından hangisi Museviliği benimseyen tek Türk devleti olarak bilinir?	Avarlar	Hazarlar	Karluklar	Peçenekler	Kıpçaklar	b	Hazarlar, Museviliği benimseyen tek Türk devleti olarak bilinir.	kolay
Tarih	Kavimler Göçü	Diğer Türk Boyları	Aşağıdaki eşleştirmelerden hangisi doğrudur?	Avarlar - Talas Savaşı'nda Abbasilere yardım etmiştir	Karluklar - İstanbul'u kuşatan ilk Türk devletidir	Peçenekler - Malazgirt Savaşı'nda Selçukluların yanında yer almıştır	Hazarlar - Maniheizmi kabul etmiştir	Uygurlar - Museviliği benimsemiştir	c	Peçenekler, 1071 Malazgirt Savaşı'nda Büyük Selçuklu Devleti'nin yanında Bizans'a karşı mücadele etmiştir.	orta
Tarih	İslamiyet'in Doğduğu Dönemde Dünya	İslam Öncesi Arap Yarımadası	İslamiyet öncesinde Arap Yarımadası'nda siyasi birlik bulunmaması ve kabileciliğin etkili olması bu dönemin hangi adla anılmasına ortam hazırlamıştır?	Hicret Dönemi	Asr-ı Saadet	Cahiliye Dönemi	Emeviler Dönemi	Abbasiler Dönemi	c	İslamiyet öncesindeki siyasi, sosyal ve dinî yapı nedeniyle bu dönem Cahiliye Dönemi olarak adlandırılır.	kolay
Tarih	İslamiyet'in Doğduğu Dönemde Dünya	İslam Öncesi Arap Yarımadası	Haram aylarda savaş yapılması yasak olmasına rağmen gerçekleştirilen savaşlara ne ad verilmiştir?	Bedir Savaşları	Ficâr Savaşları	Yermük Savaşı	Cemel Vakası	Sıffin Savaşı	b	Haram aylarda yapılması yasak olduğu hâlde gerçekleşen savaşlara Ficâr Savaşları denilmiştir.	orta
Tarih	İslamiyet'in Doğduğu Dönemde Dünya	Dört Halife Dönemi	Dört Halife Dönemi'nin Cumhuriyet Dönemi olarak da adlandırılmasının temel nedeni aşağıdakilerden hangisidir?	Halifeliğin babadan oğula geçmesi	Halifelerin seçimle iş başına gelmesi	Devlet merkezinin Bağdat olması	Türklerin orduya alınması	Mevali politikasının uygulanması	b	Dört Halife Dönemi'nde halifeler seçim yoluyla belirlenmiştir; bu nedenle dönem Cumhuriyet Dönemi olarak da anılır.	kolay
Tarih	İslamiyet'in Doğduğu Dönemde Dünya	Dört Halife Dönemi	Aşağıdaki gelişmelerden hangisi Hz. Osman döneminde yaşanmıştır?	Kur'an-ı Kerim'in kitap hâline getirilmesi	İran, Irak, Suriye ve Mısır'ın fethedilmesi	İlk İslam donanmasının kurulması	Cemel Vakası'nın yaşanması	Hicret'in gerçekleşmesi	c	Hz. Osman döneminde ilk İslam donanması kurulmuş ve Kur'an-ı Kerim çoğaltılarak eyaletlere gönderilmiştir.	orta
Tarih	Emeviler	Emevi Siyaseti ve Mevali Politikası	Emeviler döneminde halifeliğin saltanata dönüşmesine neden olan gelişme aşağıdakilerden hangisidir?	Muaviye'nin oğlu Yezid'i veliaht göstermesi	Hz. Ebubekir'in halife seçilmesi	Abbasilerin Bağdat'ı başkent yapması	Talas Savaşı'nın yapılması	İlk İslam donanmasının kurulması	a	Muaviye'nin oğlu Yezid'i veliaht ilan etmesiyle halifelik seçimle belirlenen bir makam olmaktan çıkıp saltanata dönüşmüştür.	kolay
Tarih	Emeviler	Emevi Siyaseti ve Mevali Politikası	Emevilerin Arap olmayan Müslümanlara ikinci sınıf muamele yapmasına verilen ad aşağıdakilerden hangisidir?	İstimâlet	Devşirme	Mevali	Tımar	Malikâne	c	Mevali politikası, Emevilerin Arap olmayan Müslümanlara uyguladığı ayrımcı siyasettir.	kolay
Tarih	Emeviler	Emevi Siyaseti ve Mevali Politikası	Mevali politikasının Türk tarihi açısından en önemli sonucu aşağıdakilerden hangisidir?	Türklerin İslamiyet'i kabulünün gecikmesi	Anadolu'nun Türkleşmesi	İlk Türk devletlerinin yıkılması	Haçlı Seferlerinin başlaması	İstanbul'un fethedilmesi	a	Mevali politikası Türkler arasında İslamiyet'in yayılmasını geciktirmiş ve Emevilere karşı tepki oluşturmuştur.	orta
Tarih	Abbasi Devleti ve Türkler - Bilim	Abbasiler ve Mısır'da Kurulan Türk Devletleri	Abbasilerin Türklerle ilişkilerinde Emevilerden farklı bir siyaset izlediğini gösteren uygulama aşağıdakilerden hangisidir?	Mevali politikasını sürdürmeleri	Türkleri ordu ve devlet yönetiminde görevlendirmeleri	Halifeliği saltanata dönüştürmeleri	İstanbul'u kuşatmaları	Kerbela Olayı'nı gerçekleştirmeleri	b	Abbasiler Mevali anlayışını kaldırarak Türklerin askerî ve idarî görevlerde daha fazla yer almasını sağlamıştır.	orta
Tarih	Abbasi Devleti ve Türkler - Bilim	Abbasiler ve Mısır'da Kurulan Türk Devletleri	Mısır'da kurulan ilk Müslüman Türk devleti aşağıdakilerden hangisidir?	Tolunoğulları	İhşidiler	Eyyubiler	Memlükler	Karahanlılar	a	Tolunoğulları, Mısır'da kurulan ilk Müslüman Türk devletidir.	kolay
Tarih	Abbasi Devleti ve Türkler - Bilim	Abbasiler ve Mısır'da Kurulan Türk Devletleri	Selahaddin Eyyubi'nin Hıttin Savaşı'ndaki başarısının en önemli sonucu aşağıdakilerden hangisidir?	İstanbul'un fethedilmesi	Kudüs'ün Haçlılardan geri alınması	Anadolu'nun Türkleşmesi	Endülüs'ün kurulması	Moğolların yenilmesi	b	1187 Hıttin Savaşı sonrasında Selahaddin Eyyubi, Kudüs'ü Haçlılardan geri almıştır.	orta
Tarih	Abbasi Devleti ve Türkler - Bilim	İslam Medeniyetinde Âlimler	El-Kanun fi't-Tıbb adlı eseriyle tıp alanında tanınan İslam âlimi aşağıdakilerden hangisidir?	Farabi	Gazali	İbn Sina	İbn Rüşd	Kaşgarlı Mahmut	c	İbn Sina, El-Kanun fi't-Tıbb adlı eseriyle tıp alanında hem İslam dünyasını hem Avrupa'yı etkilemiştir.	kolay
Tarih	Abbasi Devleti ve Türkler - Bilim	İslam Medeniyetinde Âlimler	Aşağıdaki bilim insanı ve çalışma alanı eşleştirmelerinden hangisi doğrudur?	Farabi - Tıp	İbn Sina - Astronomi	Gazali - Dinî ilimler	İbn Rüşd - Coğrafya	Harezmi - Mimarlık	c	Gazali dinî ilimler ve düşünce alanındaki çalışmalarıyla tanınır.	orta
Tarih	Türklerin İslamiyet'i Kabulü	Talas Savaşı ve İlk Türk İslam Devletleri	751 Talas Savaşı'nın Türk tarihi açısından en önemli sonucu aşağıdakilerden hangisidir?	Anadolu'nun Türk yurdu hâline gelmesi	Türklerin İslamiyet'i benimseme sürecinin hızlanması	İstanbul'un fethedilmesi	Haçlı Seferlerinin sona ermesi	Osmanlı Devleti'nin kurulması	b	Talas Savaşı Türklerle Müslüman Arapların yakınlaşmasını sağlamış ve Türklerin İslamiyet'i kabul sürecini hızlandırmıştır.	kolay
Tarih	Türklerin İslamiyet'i Kabulü	Talas Savaşı ve İlk Türk İslam Devletleri	Aşağıdaki eşleştirmelerden hangisi doğrudur?	Karahanlılar - Hindistan'a seferler düzenlemiştir	Gazneliler - Orta Asya'da kurulan ilk Müslüman Türk devletidir	Gazneli Mahmut - Sultan unvanını kullanan ilk Türk hükümdarıdır	Uygurlar - Talas Savaşı'nda Abbasilere yardım etmiştir	Tolunoğulları - Anadolu'da kurulan ilk Türk devleti	c	Gazneli Mahmut, Abbasi halifesinden Sultan unvanını alan ilk Türk hükümdarıdır. Karahanlılar ise Orta Asya'daki ilk Müslüman Türk devletidir.	orta
Tarih	Türklerin İslamiyet'i Kabulü	Talas Savaşı ve İlk Türk İslam Devletleri	Türklerin İslamiyet'i kabulünü kolaylaştıran unsurlardan biri aşağıdakilerden hangisidir?	Mevali politikasının uygulanması	Kök Tengri inancı ile İslamiyet arasındaki benzerlikler	Haçlı Seferleri'nin başlaması	Moğol istilalarının yaşanması	Bizans'ın Anadolu'daki gücünün artması	b	Tek Tanrı, ahiret, kader ve ahlak anlayışı gibi benzerlikler Türklerin İslamiyet'e yakınlık duymasını kolaylaştırmıştır.	orta
Tarih	İslamiyet'in Türk Toplumuna Etkisi	Devlet Anlayışı ve Hükümdarlık Sembolleri	İlk Türk-İslam devletlerinde hükümdarın yönetme yetkisinin halife tarafından onaylandığını gösteren uygulama aşağıdakilerden hangisidir?	Kut alma	Menşur alma	Toy düzenleme	Töre oluşturma	İkili teşkilat uygulama	b	Menşur, halifenin hükümdarın egemenliğini tanıdığını gösteren belgedir.	orta
Tarih	İslamiyet'in Türk Toplumuna Etkisi	Devlet Anlayışı ve Hükümdarlık Sembolleri	Hükümdarın sefere çıkarken veya törenlerde başının üzerinde tutulan ipek şemsiyeye ne ad verilir?	Tıraz	Çetr	Nevbet	Tuğra	Hutbe	b	Çetr, Türk-İslam devletlerinde hükümdarlık sembolü olarak kullanılan ipek şemsiyedir.	kolay
Tarih	İslamiyet'in Türk Toplumuna Etkisi	Türk-İslam Dünyasında İlk Eserler	Aşağıdaki eser-yazar eşleştirmelerinden hangisi yanlıştır?	Kutadgu Bilig - Yusuf Has Hacip	Divânü Lugati't-Türk - Kaşgarlı Mahmut	Divân-ı Hikmet - Ahmet Yesevi	Atabetü'l-Hakayık - Edip Ahmet Yükneki	Siyasetname - Kaşgarlı Mahmut	e	Siyasetname'nin yazarı Nizamülmülk'tür. Kaşgarlı Mahmut ise Divânü Lugati't-Türk'ü yazmıştır.	orta
Tarih	İslamiyet'in Türk Toplumuna Etkisi	Türk-İslam Dünyasında İlk Eserler	Kaşgarlı Mahmut'un Araplara Türkçe öğretmek ve Türkçenin zenginliğini göstermek amacıyla yazdığı eser aşağıdakilerden hangisidir?	Kutadgu Bilig	Divân-ı Hikmet	Atabetü'l-Hakayık	Divânü Lugati't-Türk	Siyasetname	d	Divânü Lugati't-Türk, Kaşgarlı Mahmut tarafından Türkçeyi Araplara öğretmek amacıyla hazırlanmıştır.	kolay
Tarih	Büyük Selçuklu Devleti	Kuruluş ve Anadolu Akınları	Büyük Selçuklu Devleti'nin resmen kurulmasını sağlayan savaş aşağıdakilerden hangisidir?	Pasinler	Dandanakan	Malazgirt	Miryokefalon	Yassıçemen	b	1040 Dandanakan Savaşı'ndan sonra Büyük Selçuklu Devleti resmen kurulmuştur.	kolay
Tarih	Büyük Selçuklu Devleti	Kuruluş ve Anadolu Akınları	1048 Pasinler Savaşı'nın Türk tarihi açısından önemi aşağıdakilerden hangisidir?	Haçlılara karşı kazanılan ilk zafer olması	Bizans ile yapılan ilk savaş olması	Anadolu'nun kesin Türk yurdu olması	İstanbul'un fethedilmesi	Moğol ilerleyişinin durdurulması	b	Pasinler Savaşı, Büyük Selçuklular ile Bizans arasında yapılan ilk savaştır.	orta
Tarih	Büyük Selçuklu Devleti	Kuruluş ve Anadolu Akınları	Malazgirt Zaferi'nin Anadolu açısından en önemli sonucu aşağıdakilerden hangisidir?	Bizans Devleti'nin tamamen yıkılması	Anadolu'nun Türkleşme sürecinin başlaması	Haçlı Seferleri'nin sona ermesi	İstanbul'un Osmanlılarca fethedilmesi	Anadolu'da siyasi birliğin sağlanması	b	1071 Malazgirt Zaferi ile Anadolu'nun kapıları Türklere açılmış; Türk beyliklerinin kurulması ve Türkleşme süreci hızlanmıştır.	orta
Tarih	Büyük Selçuklu Devleti	Yönetim ve Kültür	Büyük Selçuklu Devleti'nde mali işlerden sorumlu divan aşağıdakilerden hangisidir?	Divan-ı Arz	Divan-ı İstifa	Divan-ı İnşa	Divan-ı İşraf	Divan-ı Mezalim	b	Divan-ı İstifa, devletin mali işlerinden sorumludur.	kolay
Tarih	Büyük Selçuklu Devleti	Yönetim ve Kültür	Nizamiye Medreseleri'nin açılmasında aşağıdakilerden hangisi amaçlanmıştır?	Deniz ticaretini geliştirmek	Bâtınilik hareketine karşı Sünni düşünceyi güçlendirmek	Avrupa'daki derebeylikleri zayıflatmak	İpek Yolu'nu ele geçirmek	Yeniçeri Ocağına asker yetiştirmek	b	Nizamiye Medreseleri eğitim-bilim faaliyetlerini geliştirmek ve Bâtınilik hareketine karşı Sünni düşünceyi güçlendirmek için açılmıştır.	orta
Tarih	Türklerin Anadolu'ya Yerleşme Süreci	Anadolu'ya İlk Akınlar ve Türkiye Adı	Türklerin Anadolu'ya ilk akınları aşağıdaki Türk topluluklarından hangisi tarafından gerçekleştirilmiştir?	Avrupa Hunları	Karahanlılar	Uygurlar	Hazarlar	Karluklar	a	Türkler Anadolu'ya ilk akınlarını Avrupa Hunları döneminde gerçekleştirmiştir.	kolay
Tarih	Türklerin Anadolu'ya Yerleşme Süreci	Anadolu'ya İlk Akınlar ve Türkiye Adı	Anadolu için Türkiye adının kullanılmaya başlanması aşağıdaki yüzyıllardan hangisine rastlar?	IX. yüzyıl	X. yüzyıl	XI. yüzyıl	XII. yüzyıl	XIII. yüzyıl	d	Türkiye adı, XII. yüzyıldan itibaren Anadolu için kullanılmaya başlanmıştır.	orta
Tarih	Türklerin Anadolu'ya Yerleşme Süreci	Oğuz Göçlerinin Nedenleri	Aşağıdakilerden hangisi Oğuzların Anadolu'ya yönelmesinde etkili olan nedenlerden biri değildir?	Verimli toprakların bulunması	Uygun iklim koşulları	Bizans'ın zayıflaması	Gaza ve cihat anlayışı	Sanayi İnkılabı'nın yaşanması	e	Sanayi İnkılabı çok daha sonraki bir dönemde gerçekleşmiştir; Oğuz göçlerinin nedeni değildir.	kolay
Tarih	Türklerin Anadolu'ya Yerleşme Süreci	Oğuz Göçlerinin Nedenleri	Oğuz göçlerinin Anadolu'nun tarihî yapısına en önemli etkisi aşağıdakilerden hangisidir?	Anadolu'da Roma kültürünün güçlenmesi	Anadolu'nun Türkleşme ve İslamlaşma sürecinin hızlanması	Haçlı devletlerinin kurulması	Bizans'ın Balkanlara yerleşmesi	Moğol istilalarının sona ermesi	b	Oğuz göçleriyle Anadolu'da Türk nüfusu arttı; bölgenin Türkleşme ve İslamlaşma süreci hızlandı.	orta
Tarih	Anadolu'nun İlk Siyasi Teşekkülleri	Anadolu'da Kurulan İlk Türk Beylikleri	Malazgirt Zaferi'nden sonra Anadolu'da kurulan ilk Türk beyliği aşağıdakilerden hangisidir?	Danişmentliler	Saltuklular	Artuklular	Mengücekliler	Çaka Beyliği	b	Saltuklular, Malazgirt Zaferi'nden sonra Anadolu'da kurulan ilk Türk beyliği olarak kabul edilir.	kolay
Tarih	Anadolu'nun İlk Siyasi Teşekkülleri	Anadolu'da Kurulan İlk Türk Beylikleri	İlk Türk denizcisidir ve İzmir merkezli bir beylik kurarak ilk Türk donanmasını oluşturmuştur. Bu kişi aşağıdakilerden hangisidir?	Emir Danişment	İzzettin Keykavus	Çaka Bey	Saltuk Bey	Artuk Bey	c	Çaka Bey, İzmir çevresinde ilk Türk denizciliğini başlatmış ve ilk Türk donanmasını kurmuştur.	orta
Tarih	Anadolu'nun İlk Siyasi Teşekkülleri	Türkiye Selçuklu Devleti ve Miryokefalon	Türkiye Selçuklu Devleti'nin kurucusu aşağıdakilerden hangisidir?	Kutalmışoğlu Süleyman Şah	I. Kılıç Arslan	II. Kılıç Arslan	Alparslan	Melikşah	a	Türkiye Selçuklu Devleti, Kutalmışoğlu Süleyman Şah tarafından İznik merkezli olarak kurulmuştur.	kolay
Tarih	Anadolu'nun İlk Siyasi Teşekkülleri	Türkiye Selçuklu Devleti ve Miryokefalon	1176 Miryokefalon Savaşı'nın Türk tarihi açısından en önemli sonucu aşağıdakilerden hangisidir?	Haçlı Seferlerinin başlaması	Anadolu'nun kesin Türk yurdu olduğunun anlaşılması	İstanbul'un fethedilmesi	Bizans'ın tamamen yıkılması	Moğol istilasının sona ermesi	b	Miryokefalon Savaşı'ndan sonra Bizans'ın Anadolu'yu geri alma ümidi büyük ölçüde sona ermiştir.	orta
Tarih	Hilal ve Haç Mücadelesi	Haçlı Seferleri ve Nedenleri	Haçlı Seferlerinin düzenlenmesinde aşağıdakilerden hangisinin etkili olduğu söylenemez?	Kudüs ve çevresindeki kutsal yerleri ele geçirme isteği	Ticaret yollarına hâkim olma düşüncesi	Doğu'nun zenginliklerine ulaşma arzusu	Avrupa'da topraksız şövalyelere yeni toprak bulma isteği	Osmanlı Devleti'ni Balkanlardan çıkarma düşüncesi	e	Haçlı Seferleri Osmanlı Devleti kurulmadan önce başlamıştır. Bu nedenle Osmanlı'yı Balkanlardan çıkarma düşüncesi seferlerin nedeni değildir.	orta
Tarih	Hilal ve Haç Mücadelesi	Haçlı Seferleri ve Nedenleri	I. Haçlı Seferi sonunda aşağıdaki devletlerden hangisi kurulmamıştır?	Urfa Kontluğu	Antakya Prensliği	Kudüs Krallığı	Trablus Kontluğu	Latin İmparatorluğu	e	Latin İmparatorluğu IV. Haçlı Seferi sonrasında İstanbul'da kurulmuştur.	orta
Tarih	Hilal ve Haç Mücadelesi	Sonraki Seferler ve Genel Sonuçlar	1187 Hıttin Savaşı'nın ardından Kudüs'ü Haçlılardan geri alan hükümdar aşağıdakilerden hangisidir?	Nurettin Mahmut Zengi	Selahaddin Eyyubi	Kılıç Arslan	Alparslan	Baybars	b	Hıttin Savaşı'nda Haçlıları yenen Selahaddin Eyyubi, Kudüs'ü geri almıştır.	kolay
Tarih	Hilal ve Haç Mücadelesi	Sonraki Seferler ve Genel Sonuçlar	IV. Haçlı Seferi'nin diğer Haçlı Seferlerinden farklı olarak en önemli sonucu aşağıdakilerden hangisidir?	Kudüs'ün Müslümanlardan alınması	İstanbul'un işgal edilerek Latin İmparatorluğu'nun kurulması	Anadolu'nun Türkleşmesinin sona ermesi	Moğolların Avrupa'ya ilerlemesi	Osmanlı Devleti'nin kurulması	b	IV. Haçlı Seferi'nde Haçlılar hedeflerinden saparak İstanbul'u işgal etmiş ve Latin İmparatorluğu'nu kurmuştur.	orta
Tarih	Moğol İstilası ve Anadolu	Yassıçemen, Baba İshak ve Kösedağ Savaşı	1230 Yassıçemen Savaşı'nın Türkiye Selçuklu Devleti açısından en önemli sonucu aşağıdakilerden hangisidir?	Anadolu Türk siyasi birliğinin sağlanması	Harzemşahların yıkılmasıyla Moğollarla komşu olunması	Haçlı Seferlerinin başlaması	Bizans'ın Anadolu'dan tamamen çıkarılması	Osmanlı Beyliği'nin kurulması	b	Yassıçemen Savaşı sonunda Harzemşahlar yıkılmış, Türkiye Selçuklu Devleti Moğollarla komşu olmuştur.	orta
Tarih	Moğol İstilası ve Anadolu	Yassıçemen, Baba İshak ve Kösedağ Savaşı	1243 Kösedağ Savaşı'nın Anadolu'daki en önemli sonucu aşağıdakilerden hangisidir?	Türkiye Selçuklu Devleti'nin Bizans'a bağlanması	Anadolu'da Haçlı egemenliğinin başlaması	Türkiye Selçuklu Devleti'nin Moğol egemenliğine girmesi	Anadolu'da Türk beyliklerinin tamamen ortadan kalkması	İstanbul'un Osmanlılar tarafından fethedilmesi	c	Kösedağ Savaşı'nda Moğollara yenilen Türkiye Selçuklu Devleti, Moğol egemenliği altına girmiştir.	kolay
Tarih	Moğol İstilası ve Anadolu	Yassıçemen, Baba İshak ve Kösedağ Savaşı	Baba İshak İsyanı'nın Türkiye Selçuklu Devleti üzerinde aşağıdaki etkilerden hangisine yol açtığı söylenebilir?	Devletin içten zayıflamasına	Anadolu'da siyasi birliğin güçlenmesine	Moğol tehlikesinin tamamen ortadan kalkmasına	Haçlı Seferlerinin sona ermesine	Denizcilik faaliyetlerinin artmasına	a	Baba İshak İsyanı, devlet otoritesini zayıflatmış ve Kösedağ öncesinde Türkiye Selçuklu Devleti'ni içten sarsmıştır.	orta
Tarih	Osmanlı Beyliği'nin Kuruluşu	Osman ve Orhan Gazi Dönemi	Osmanlı Beyliği'nin siyasi ve kurumsal olarak devletleşmesinin başlangıcı kabul edilen gelişme aşağıdakilerden hangisidir?	Bursa'nın fethedilmesi	Koyunhisar Savaşı'nın kazanılması	İznik'in alınması	Çimpe Kalesi'nin elde edilmesi	Ankara Savaşı'nın yapılması	b	1302 Koyunhisar Zaferi, Osmanlı hanedanının siyasi ve kurumsal olarak devletleşmesinin başlangıcı kabul edilir.	orta
Tarih	Osmanlı Beyliği'nin Kuruluşu	Osman ve Orhan Gazi Dönemi	Orhan Gazi döneminde Bursa'nın fethedilmesinin Osmanlı Devleti açısından en önemli sonucu aşağıdakilerden hangisidir?	İlk donanmanın kurulması	Devlet merkezinin Bursa'ya taşınması	Rumeli'ye geçilmesi	İstanbul'un kuşatılması	Anadolu Türk birliğinin sağlanması	b	Bursa 1326'da fethedildikten sonra Osmanlı Devleti'nin merkezi hâline gelmiştir.	kolay
Tarih	Osmanlı Beyliği'nin Kuruluşu	Osman ve Orhan Gazi Dönemi	1329 Maltepe (Palekanon) Savaşı'nın Osmanlı Devleti'ne sağladığı kazanım aşağıdakilerden hangisidir?	Kocaeli çevresinde hâkimiyet kurması	Halifeliği alması	Balkanlara yerleşmesi	İstanbul'u fethetmesi	Anadolu beyliklerini tamamen ortadan kaldırması	a	Maltepe Savaşı'ndan sonra Osmanlı Devleti Kocaeli bölgesinde hâkimiyet kurmuş, Bizans'ın Anadolu ile kara bağlantısı zayıflamıştır.	orta
Tarih	Osmanlı Devleti'nin Rumeli'de İskânı	Rumeli'ye Geçiş ve Çimpe Kalesi	Osmanlı Devleti'nin Rumeli'de elde ettiği ilk toprak parçası aşağıdakilerden hangisidir?	Gelibolu	Edirne	Çimpe Kalesi	Selanik	Sofya	c	1353'te elde edilen Çimpe Kalesi, Osmanlı Devleti'nin Rumeli'deki ilk toprağıdır.	kolay
Tarih	Osmanlı Devleti'nin Rumeli'de İskânı	Rumeli'ye Geçiş ve Çimpe Kalesi	Osmanlı Devleti'nin Çimpe Kalesi'ni elde etmesinde aşağıdakilerden hangisi etkili olmuştur?	Haçlılarla yapılan savaş	Bizans'taki taht mücadelesinde Kantakuzen'e yardım edilmesi	Karesioğulları'nın yeniden kurulması	Ankara Savaşı'nın kazanılması	İstanbul'un fethedilmesi	b	Orhan Bey, Bizans'taki taht mücadelesinde Kantakuzen'e yardım etmiş; karşılığında Çimpe Kalesi Osmanlılara verilmiştir.	orta
Tarih	Osmanlı Devleti'nin Rumeli'de İskânı	İskân ve İstimâlet Politikası	Osmanlı Devleti'nin fethedilen Rumeli topraklarına Türkmen nüfus yerleştirmesi aşağıdaki politikalardan hangisidir?	İltizam	İskân	Devşirme	Müsadere	Millet	b	İskân politikası, fethedilen bölgelere Türkmen nüfus yerleştirerek kalıcı egemenlik kurmayı amaçlar.	kolay
Tarih	Osmanlı Devleti'nin Rumeli'de İskânı	İskân ve İstimâlet Politikası	Osmanlı Devleti'nin gayrimüslim halka din ve yaşam özgürlüğü tanıyarak yönetimine uyum sağlamaya çalışması aşağıdaki kavramlardan hangisiyle açıklanır?	Tımar	İstimâlet	Devşirme	Dirlik	İltizam	b	İstimâlet politikası, hoşgörü ve gönül alma yoluyla fethedilen bölgelerde halkın Osmanlı yönetimine bağlılığını artırmayı amaçlamıştır.	orta
Tarih	Anadolu'da Türk Siyasi Birliğini Sağlama	Osmanlı'nın Beylikleri Katma Politikası	Osmanlı Devleti'ne katılan ilk Anadolu Türk beyliği aşağıdakilerden hangisidir?	Germiyanoğulları	Karesioğulları	Karamanoğulları	Aydınoğulları	Candaroğulları	b	Karesioğulları, Osmanlı Devleti'ne katılan ilk Anadolu Türk beyliğidir.	kolay
Tarih	Anadolu'da Türk Siyasi Birliğini Sağlama	Osmanlı'nın Beylikleri Katma Politikası	Karesioğulları'nın Osmanlı Devleti'ne katılmasının Rumeli fetihlerine katkısı aşağıdakilerden hangisidir?	Osmanlı'nın ilk donanmaya sahip olması	Halifeliğin Osmanlılara geçmesi	Yeniçeri Ocağı'nın kurulması	İstanbul'un fethedilmesi	Anadolu'nun kesin Türk yurdu olması	a	Karesioğulları'nın denizcilik gücü Osmanlılara geçtiği için Osmanlı Devleti ilk donanmasına sahip olmuş ve Rumeli fetihleri kolaylaşmıştır.	orta
Tarih	Anadolu'da Türk Siyasi Birliğini Sağlama	Osmanlı'nın Beylikleri Katma Politikası	Osmanlı Devleti'nin Anadolu Türk siyasi birliğini sağlamak için kullandığı yöntemlerden biri değildir?	Evlilik	Satın alma	Diplomasi	Savaş	Sömürgecilik	e	Osmanlı Devleti Anadolu Türk siyasi birliğini evlilik, satın alma, savaş ve diplomasi yoluyla sağlamaya çalışmıştır; sömürgecilik uygulamamıştır.	orta
Tarih	Anadolu'da Türk Siyasi Birliğini Sağlama	Ankara Savaşı ve Fetret Devri	1402 Ankara Savaşı aşağıdaki devletlerden hangileri arasında yapılmıştır?	Osmanlı Devleti - Bizans Devleti	Osmanlı Devleti - Timur Devleti	Osmanlı Devleti - Memlük Devleti	Osmanlı Devleti - Safevi Devleti	Osmanlı Devleti - Karakoyunlu Devleti	b	Ankara Savaşı, Yıldırım Bayezid ile Timur arasında gerçekleşmiştir.	kolay
Tarih	Anadolu'da Türk Siyasi Birliğini Sağlama	Ankara Savaşı ve Fetret Devri	Ankara Savaşı'nın ardından yaklaşık on bir yıl süren taht mücadeleleri dönemi aşağıdakilerden hangisidir?	Lale Devri	Tanzimat Dönemi	Fetret Devri	Meşrutiyet Dönemi	Celâli İsyanları	c	1402-1413 yılları arasında yaşanan taht mücadeleleri Fetret Devri olarak adlandırılır.	kolay
Tarih	Anadolu'da Türk Siyasi Birliğini Sağlama	Ankara Savaşı ve Fetret Devri	Fetret Devri'ne son vererek Osmanlı Devleti'nde merkezî otoriteyi yeniden sağlayan hükümdar aşağıdakilerden hangisidir?	I. Murat	Yıldırım Bayezid	Çelebi Mehmet	II. Murat	Fatih Sultan Mehmet	c	Çelebi Mehmet, Fetret Devri'ne son verdiği ve devleti toparladığı için Osmanlı Devleti'nin ikinci kurucusu kabul edilir.	orta
Tarih	Savaşçılar ve Askerler	Tımar Sistemi ve Tımarlı Sipahiler	Tımar sisteminde toprağın mülkiyeti genel olarak kime aittir?	Tımarlı sipahiye	Köylüye	Devlete	Esnafa	Vakıflara	c	Tımar sisteminde tarım arazilerinin mülkiyeti devlete aittir; sipahilere ise hizmet karşılığı vergi toplama yetkisi verilir.	kolay
Tarih	Savaşçılar ve Askerler	Tımar Sistemi ve Tımarlı Sipahiler	Aşağıdakilerden hangisi tımarlı sipahilerin görevlerinden biri değildir?	Taşrada güvenliği sağlamak	Sefer zamanında orduya katılmak	Cebelü yetiştirmek	Vergilerin tahsil edilmesini sağlamak	Divan-ı Hümayun'a başkanlık etmek	e	Divan-ı Hümayun'a sadrazam başkanlık ederdi. Tımarlı sipahiler taşrada görev yapar, cebelü yetiştirir ve seferlerde orduya katılırdı.	orta
Tarih	Savaşçılar ve Askerler	Tımar Sistemi ve Tımarlı Sipahiler	Tımar sisteminin Osmanlı Devleti'ne sağladığı en önemli yararlardan biri aşağıdakilerden hangisidir?	Hazineye yük olmadan asker yetiştirmek	Deniz ticaretini geliştirmek	Medrese sayısını artırmak	Kapitülasyonları kaldırmak	Avrupa'da sömürge kurmak	a	Tımar sistemi sayesinde Osmanlı Devleti, merkez hazinesinden doğrudan harcama yapmadan eyalet askerleri yetiştirmiştir.	orta
Tarih	Savaşçılar ve Askerler	Kapıkulu Ocakları ve Devşirme	Osmanlı Devleti'nin maaşlı ve sürekli merkez ordusunu oluşturan askerî teşkilat aşağıdakilerden hangisidir?	Tımarlı Sipahiler	Akıncılar	Kapıkulu Ocakları	Azaplar	Yaya ve Müsellemler	c	Kapıkulu Ocakları, Osmanlı Devleti'nin maaşlı ve sürekli merkez ordusudur.	kolay
Tarih	Savaşçılar ve Askerler	Kapıkulu Ocakları ve Devşirme	Yeniçerilerin üç ayda bir aldığı maaşa ne ad verilir?	Cülus	Ulufe	Cizye	Haraç	Avarız	b	Kapıkulu askerlerine ve yeniçerilere üç ayda bir ulufe adı verilen maaş ödenirdi.	kolay
Tarih	Savaşçılar ve Askerler	Kapıkulu Ocakları ve Devşirme	Pençik sisteminde savaş esirlerinin ne kadarı devlet hizmetine alınırdı?	Onda biri	Beşte biri	Dörtte biri	Yarısı	Üçte biri	b	Pençik, beşte bir anlamına gelir; savaş esirlerinin beşte biri devlet hizmeti için ayrılırdı.	orta
Tarih	Sosyal ve Kültürel Faaliyetler	Osmanlı'da Yönetici Sınıflar (Askerî)	Osmanlı Devleti'nde yöneten ve vergiden muaf olan sınıfa ne ad verilirdi?	Reaya	Askerî	Ayan	Lonca	Vakıf	b	Osmanlı toplumunda yöneten ve vergiden muaf kesim askerî, vergi veren halk ise reaya olarak adlandırılırdı.	kolay
Tarih	Sosyal ve Kültürel Faaliyetler	Osmanlı'da Yönetici Sınıflar (Askerî)	Aşağıdakilerden hangisi Osmanlı yönetici sınıflarından ilmiye grubunda yer alır?	Defterdar	Nişancı	Kazasker	Kaptan-ı derya	Subaşı	c	Kazasker; eğitim, hukuk ve adalet işleriyle ilgilenen ilmiye sınıfında yer alırdı.	orta
Tarih	Sosyal ve Kültürel Faaliyetler	Osmanlı'da Yönetici Sınıflar (Askerî)	Osmanlı Devleti'nde maliye ve yazışma işlerinden sorumlu yönetici sınıf aşağıdakilerden hangisidir?	Seyfiye	İlmiye	Kalemiye	Reaya	Lonca	c	Kalemiye sınıfı, devletin maliye ve yazışma işlerini yürütürdü.	kolay
Tarih	Sosyal ve Kültürel Faaliyetler	Mutasavvıflar ve Bilim İnsanları	Ahilik teşkilatını kurarak esnaf arasında dayanışma ve meslek ahlakını geliştiren kişi aşağıdakilerden hangisidir?	Ahi Evran	Akşemseddin	Ali Kuşçu	Hacı Bayram Veli	Nizamülmülk	a	Ahi Evran, Ahilik teşkilatının kurucusu kabul edilir.	kolay
Tarih	Sosyal ve Kültürel Faaliyetler	Mutasavvıflar ve Bilim İnsanları	Hastalıkların gözle görülmeyen canlılar yoluyla bulaşabileceğini belirten fikirleriyle tanınan bilim insanı aşağıdakilerden hangisidir?	Ali Kuşçu	Akşemseddin	İbn Sina	Farabi	Piri Reis	b	Akşemseddin, hastalıkların mikroplar yoluyla bulaşabileceğine ilişkin fikirleriyle tanınır.	orta
Tarih	Sosyal ve Kültürel Faaliyetler	Mutasavvıflar ve Bilim İnsanları	Astronomi ve matematik alanındaki çalışmalarıyla tanınan Türk-İslam bilim insanı aşağıdakilerden hangisidir?	Ali Kuşçu	Ahi Evran	Akşemseddin	Şeyh Edebali	Hacı Bektaş Veli	a	Ali Kuşçu astronomi ve matematik alanında önemli çalışmalar yapmıştır.	kolay
Tarih	İstanbul'un Fethi ve Sonuçları	Fethin Nedenleri ve Hazırlıklar	Fatih Sultan Mehmet'in İstanbul'un fethi öncesinde Rumeli Hisarı'nı yaptırmasının temel amacı aşağıdakilerden hangisidir?	Anadolu Türk birliğini sağlamak	Boğazdan gelebilecek yardımları denetlemek	Haçlı Seferlerini başlatmak	Balkanlarda iskân yapmak	Memlük Devleti'ni yıkmak	b	Rumeli Hisarı, Bizans'a Karadeniz üzerinden gelebilecek yardımları engellemek ve Boğazı denetlemek için yaptırılmıştır.	orta
Tarih	İstanbul'un Fethi ve Sonuçları	Fethin Nedenleri ve Hazırlıklar	Aşağıdakilerden hangisi İstanbul'un fethi için yapılan hazırlıklardan biri değildir?	Şahi toplarının döktürülmesi	Güçlü donanma hazırlanması	Rumeli Hisarı'nın yapılması	Anadolu Hisarı'nın yıkılması	Gemilerin karadan yürütülmesi	d	Anadolu Hisarı yıkılmamış, Boğaz denetimini güçlendirmek için Rumeli Hisarı yaptırılmıştır.	orta
Tarih	İstanbul'un Fethi ve Sonuçları	Fethin Dünya Tarihine Etkisi	İstanbul'un fethiyle yıkılan devlet aşağıdakilerden hangisidir?	Doğu Roma (Bizans) Devleti	Latin İmparatorluğu	Kutsal Roma Germen İmparatorluğu	Memlük Devleti	Trabzon Rum Devleti	a	1453 İstanbul'un Fethi ile Doğu Roma yani Bizans Devleti sona ermiştir.	kolay
Tarih	İstanbul'un Fethi ve Sonuçları	Fethin Dünya Tarihine Etkisi	İstanbul'un fethinin Avrupa'da derebeylik sisteminin zayıflamasına katkı sağlamasının temel nedeni aşağıdakilerden hangisidir?	Bizans'ın güçlenmesi	Topların surları yıkabileceğinin anlaşılması	İpek Yolu'nun kapanması	Haçlı Seferlerinin bitmesi	Reform hareketlerinin başlaması	b	Büyük topların surları yıkabileceğinin anlaşılması, şatolara dayalı derebeylik düzenini zayıflatmıştır.	orta
Tarih	İstanbul'un Fethi ve Sonuçları	Fethin Dünya Tarihine Etkisi	İstanbul'un fethinden sonra bazı Bizanslı bilim insanlarının İtalya'ya gitmesi hangi gelişmeyi hızlandırmıştır?	Reform	Rönesans	Sanayi İnkılabı	Fransız İhtilali	Coğrafi Keşifler	b	Bizanslı bilim insanlarının İtalya'ya gitmesi, Antik Yunan-Roma kültürünün yeniden canlanmasına ve Rönesans'ın hızlanmasına katkı sağlamıştır.	orta
Tarih	İslam Dünyasında Birliği Sağlama	Safevi ve Memluk Mücadelesi (Yavuz Dönemi)	Yavuz Sultan Selim'in Safevilerle yaptığı ve Safevi tehlikesini büyük ölçüde azalttığı savaş aşağıdakilerden hangisidir?	Mohaç	Çaldıran	Mercidabık	Ridaniye	Otlukbeli	b	1514 Çaldıran Savaşı ile Safevi tehlikesi büyük ölçüde azaltılmıştır.	kolay
Tarih	İslam Dünyasında Birliği Sağlama	Safevi ve Memluk Mücadelesi (Yavuz Dönemi)	Memlük Devleti'nin yıkılmasını sağlayan savaş aşağıdakilerden hangisidir?	Çaldıran	Ridaniye	Mohacs	Varna	Nikopolis	b	1517 Ridaniye Savaşı sonrasında Memlük Devleti yıkılmıştır.	kolay
Tarih	İslam Dünyasında Birliği Sağlama	Safevi ve Memluk Mücadelesi (Yavuz Dönemi)	Yavuz Sultan Selim döneminde aşağıdakilerden hangisinin Osmanlı topraklarına katılmasıyla Osmanlı Devleti İslam dünyasında daha güçlü bir konuma ulaşmıştır?	Kırım ve Kafkasya	Suriye, Mısır ve Hicaz	Mora ve Girit	Macaristan ve Avusturya	İran ve Irak	b	Memlüklerin yıkılmasıyla Suriye, Mısır ve Hicaz Osmanlı topraklarına katılmış; Osmanlı'nın İslam dünyasındaki etkisi artmıştır.	orta
Tarih	Dünyanın Muhteşem Gücü Osmanlı	Kanuni Sultan Süleyman Dönemi	Kanuni Sultan Süleyman döneminde Macaristan Krallığı'nın büyük ölçüde Osmanlı hâkimiyetine girmesini sağlayan savaş aşağıdakilerden hangisidir?	Mohaç	Mercidabık	Çaldıran	Varna	II. Kosova	a	1526 Mohaç Meydan Muharebesi'nden sonra Macaristan Krallığı büyük ölçüde Osmanlı hâkimiyetine girmiştir.	kolay
Tarih	Dünyanın Muhteşem Gücü Osmanlı	Kanuni Sultan Süleyman Dönemi	1533 İstanbul Antlaşması'nın Osmanlı Devleti açısından önemi aşağıdakilerden hangisidir?	Rusya'nın Karadeniz'e inmesini engellemesi	Avusturya'nın Osmanlı siyasi üstünlüğünü kabul etmesi	Fransa'ya kapitülasyon verilmesi	Memlük Devleti'nin yıkılması	İran ile sınır sorununun çözülmesi	b	1533 İstanbul Antlaşması ile Avusturya arşidükü Osmanlı sadrazamına denk sayılmış, Osmanlı'nın siyasi üstünlüğü kabul edilmiştir.	orta
Tarih	Dünyanın Muhteşem Gücü Osmanlı	Kanuni Sultan Süleyman Dönemi	Kanuni Sultan Süleyman'ın çıktığı son sefer aşağıdakilerden hangisidir?	Belgrad Seferi	Rodos Seferi	Zigetvar Seferi	Mohaç Seferi	İran Seferi	c	Kanuni Sultan Süleyman'ın son seferi Zigetvar Seferi'dir.	kolay
Tarih	Stratejik Siyaset ve Dünya Gücü	Kapitülasyonlar	Kanuni Sultan Süleyman'ın Fransa'ya kapitülasyon vermesindeki temel amaç aşağıdakilerden hangisidir?	Osmanlı ekonomisini zayıflatmak	Avrupa'daki Habsburg baskısını dengelemek	İran ile ittifak kurmak	Yeniçeri Ocağını güçlendirmek	Memlük Devleti'ni desteklemek	b	Kanuni, Fransa'ya kapitülasyon vererek Habsburglara karşı Avrupa'daki siyasi dengeyi Osmanlı lehine çevirmeyi amaçlamıştır.	orta
Tarih	Stratejik Siyaset ve Dünya Gücü	Kapitülasyonlar	Kapitülasyonların sürekli hâle gelmesi aşağıdaki yıllardan hangisinde gerçekleşmiştir?	1533	1606	1699	1740	1774	d	Fransa'ya verilen kapitülasyonlar 1740 yılında sürekli hâle getirilmiştir.	kolay
Tarih	Stratejik Siyaset ve Dünya Gücü	Kapitülasyonlar	Kapitülasyonların Osmanlı Devleti üzerindeki uzun vadeli etkisi aşağıdakilerden hangisidir?	Merkezî otoritenin güçlenmesi	Yerli üreticinin Avrupa mallarıyla rekabetinin zorlaşması	Tımar sisteminin yaygınlaşması	Avrupa'daki toprakların genişlemesi	Devşirme sisteminin kaldırılması	b	Kapitülasyonlar zamanla yabancıların ekonomik üstünlük kazanmasına ve Osmanlı ekonomisinin olumsuz etkilenmesine yol açmıştır.	orta
Tarih	Stratejik Siyaset ve Dünya Gücü	Hint Deniz Seferleri	Osmanlı Devleti'nin Hint Deniz Seferleri düzenlemesinin temel amacı aşağıdakilerden hangisidir?	Bizans'ı yeniden kurmak	Baharat Yolu'nu canlandırıp Portekiz üstünlüğünü kırmak	Akdeniz'deki Venedik gücünü bitirmek	Rusya'nın güneye inmesini engellemek	Anadolu Türk birliğini sağlamak	b	Osmanlı Devleti, Portekiz'in Hint Okyanusu ve Baharat Yolu üzerindeki etkisini kırmak için Hint Deniz Seferleri düzenlemiştir.	kolay
Tarih	Stratejik Siyaset ve Dünya Gücü	Hint Deniz Seferleri	Hint Deniz Seferlerinde kesin başarı sağlanamamasında aşağıdakilerden hangisinin etkili olduğu söylenemez?	Osmanlı gemilerinin açık deniz şartlarına yeterince uygun olmaması	Bölge halkından yeterli destek alınamaması	Portekiz donanmasının güçlü olması	Osmanlı'nın güçlü okyanus filosuna sahip olması	Sefer alanının merkeze uzak olması	d	Osmanlı'nın güçlü bir okyanus filosu yoktu; bu nedenle açık deniz şartları ve teknik yetersizlikler seferleri zorlaştırmıştır.	orta
Tarih	Stratejik Siyaset ve Dünya Gücü	Hint Deniz Seferleri	Hint Deniz Seferleri sonucunda Osmanlı Devleti'nin güvenliğini güçlendirdiği deniz alanları aşağıdakilerden hangisidir?	Karadeniz ve Ege Denizi	Kızıldeniz ve Basra Körfezi	Atlas Okyanusu ve Akdeniz	Hazar Denizi ve Aral Gölü	Manş Denizi ve Baltık Denizi	b	Seferler kesin başarıya ulaşmasa da Kızıldeniz ve Basra Körfezi'nin güvenliği güçlendirilmiştir.	orta
Tarih	Saray ve Şehir Kültürü	Saray Teşkilatı	Osmanlı sarayında devşirme kökenli öğrencilerin eğitim görerek devlet adamı olarak yetiştirildiği bölüm aşağıdakilerden hangisidir?	Birun	Enderun	Harem	Divan-ı Hümayun	Şehzadegan Dairesi	b	Enderun, Osmanlı Devleti'nde üst düzey devlet adamı yetiştiren saray eğitim kurumudur.	kolay
Tarih	Saray ve Şehir Kültürü	Saray Teşkilatı	Padişahın ailesiyle birlikte yaşadığı özel saray bölümü aşağıdakilerden hangisidir?	Birun	Enderun	Harem	Divanhane	Bâbıâli	c	Harem, padişahın ve ailesinin yaşadığı özel bölümdür.	kolay
Tarih	Saray ve Şehir Kültürü	Saray Teşkilatı	Aşağıdakilerden hangisi Osmanlı sarayının ana bölümlerinden biri değildir?	Birun	Enderun	Harem	Nizamiye	—	d	Osmanlı sarayı Birun, Enderun ve Harem olmak üzere üç ana bölümden oluşurdu. Nizamiye ise Büyük Selçuklu Devleti dönemindeki medrese sistemidir.	orta
Tarih	Saray ve Şehir Kültürü	Divan-ı Hümayun	Fatih Sultan Mehmet döneminden itibaren Divan-ı Hümayun'a kim başkanlık etmeye başlamıştır?	Padişah	Kazasker	Nişancı	Sadrazam	Defterdar	d	Fatih Sultan Mehmet'ten itibaren Divan-ı Hümayun'a sadrazam başkanlık etmeye başlamıştır.	kolay
Tarih	Saray ve Şehir Kültürü	Divan-ı Hümayun	Divan-ı Hümayun'da devletin mali işlerinden sorumlu görevli aşağıdakilerden hangisidir?	Nişancı	Kazasker	Defterdar	Reisülküttap	Kaptan-ı derya	c	Defterdar, Osmanlı Devleti'nde maliye işlerinden sorumluydu.	kolay
Tarih	Saray ve Şehir Kültürü	Divan-ı Hümayun	Divan-ı Hümayun'da devlet yazışmaları ve tapu işlerinden sorumlu görevli aşağıdakilerden hangisidir?	Nişancı	Kazasker	Defterdar	Sadrazam	Şeyhülislam	a	Nişancı, devlet yazışmalarını yürütür ve tapu-tahrir işlerinden sorumlu olurdu.	orta
Tarih	Saray ve Şehir Kültürü	Gelenekler Işığında Devlet İdaresi	Fatih Sultan Mehmet'in merkezi otoriteyi güçlendirmek amacıyla hazırlattığı hukuk düzenlemelerine ne ad verilir?	Ferman	Kanunname	Menşur	Adaletname	Fetva	b	Fatih Kanunnamesi, devlet teşkilatını ve bazı yönetim ilkelerini düzenleyen önemli bir hukuk metnidir.	kolay
Tarih	Saray ve Şehir Kültürü	Gelenekler Işığında Devlet İdaresi	I. Ahmet döneminde kabul edilen, hanedanın en yaşlı üyesinin tahta geçmesini esas alan sistem aşağıdakilerden hangisidir?	Pençik	Devşirme	Ekber ve Erşed	Tımar	Müsadere	c	Ekber ve Erşed Sistemi, taht kavgalarını azaltmak amacıyla hanedanın en yaşlı üyesinin padişah olmasını öngörmüştür.	kolay
Tarih	Saray ve Şehir Kültürü	Gelenekler Işığında Devlet İdaresi	Ekber ve Erşed Sistemi'nin uygulanmaya başlamasıyla aşağıdakilerden hangisi yaygınlaşmıştır?	Şehzadelerin sancağa çıkması	Kafes usulü	İkili teşkilat	Tımar sistemi	Devşirme uygulaması	b	Şehzadelerin sancağa çıkma uygulaması kaldırılmış, bunun yerine kafes usulü yaygınlaşmıştır.	orta
Tarih	Millet Sistemi	Osmanlı Millet Sistemi	Osmanlı Devleti'nde millet sistemi temel olarak hangi ölçüte göre oluşturulmuştur?	Etnik köken	Dil	Coğrafi bölge	Din ve mezhep	Meslek grubu	d	Osmanlı millet sistemi etnik kökene değil, din ve mezhep esasına dayanıyordu.	kolay
Tarih	Millet Sistemi	Osmanlı Millet Sistemi	Millet sistemi kapsamında gayrimüslim topluluklara tanınan haklardan biri aşağıdakilerden hangisidir?	Kendi dinî ve eğitim işlerini yürütme	Devletin başına geçme	Askerlikten tamamen bağımsız devlet kurma	Miri toprakları mülk edinme	Padişah seçme	a	Gayrimüslimler kendi dinî, hukuki ve eğitim işlerinde belirli ölçüde serbest bırakılmıştır.	orta
Tarih	Millet Sistemi	Osmanlı Millet Sistemi	Gayrimüslimlerden askerlik hizmeti karşılığı alınan vergi aşağıdakilerden hangisidir?	Aşar	Cizye	Öşür	Avârız	Haraç	b	Cizye, Osmanlı Devleti'nde gayrimüslim erkeklerden alınan baş vergisidir.	kolay
Tarih	Toprak Sistemi ve Lonca	Osmanlı Toprak Sistemi	Osmanlı Devleti'nde mülkiyeti devlete ait olan topraklara ne ad verilir?	Mülk	Vakıf	Miri	Mukataa	Arpalık	c	Miri arazi, mülkiyeti devlete ait olan Osmanlı topraklarıdır.	kolay
Tarih	Toprak Sistemi ve Lonca	Osmanlı Toprak Sistemi	Miri arazilerin gelirine göre has, zeamet ve tımar şeklinde ayrılması aşağıdaki sistemlerden hangisiyle ilgilidir?	Millet sistemi	Dirlik sistemi	Devşirme sistemi	Lonca sistemi	Malikâne sistemi	b	Dirlik sistemi, devlet arazilerinin gelirlerinin has, zeamet ve tımar olarak dağıtılmasına dayanır.	orta
Tarih	Toprak Sistemi ve Lonca	Osmanlı Toprak Sistemi	Aşağıdakilerden hangisi Osmanlı Devleti'ndeki temel toprak türlerinden biridir?	Feodal arazi	Miri arazi	Sömürge arazisi	Senyör arazisi	Manor sistemi	b	Osmanlı toprak sistemi miri, mülk ve vakıf arazileri olmak üzere temel sınıflara ayrılırdı.	kolay
Tarih	Toprak Sistemi ve Lonca	Lonca Teşkilatı ve Narh	Osmanlı Devleti'nde esnaf ve zanaatkârların meslek düzenini sağlayan teşkilat aşağıdakilerden hangisidir?	Enderun	Lonca	Divan-ı Hümayun	Medrese	Tımar	b	Lonca teşkilatı esnaf ve zanaatkârların üretim, kalite ve meslek düzenini sağlayan örgüttür.	kolay
Tarih	Toprak Sistemi ve Lonca	Lonca Teşkilatı ve Narh	Temel ihtiyaç maddelerinin fiyatlarının devlet tarafından denetlenmesine ne ad verilir?	Gedik	Narh	Müsadere	İltizam	İstimâlet	b	Narh uygulamasıyla temel ihtiyaç maddelerinin en yüksek ve en düşük satış fiyatları devlet tarafından belirlenirdi.	kolay
Tarih	Toprak Sistemi ve Lonca	Lonca Teşkilatı ve Narh	Osmanlı Devleti'nde bir mesleği yapma hakkını düzenleyen uygulama aşağıdakilerden hangisidir?	Gedik	Cizye	Mukataa	Cülus	Müsadere	a	Gedik sistemi, bir iş veya mesleği yapma hakkının düzenlenmesine dayanırdı.	orta
Tarih	Uzun Savaşlardan Diplomasiye	Zitvatorok ve Bucaş Antlaşmaları	1606 Zitvatorok Antlaşması'nın Osmanlı Devleti açısından en önemli sonucu aşağıdakilerden hangisidir?	Avusturya'nın Osmanlı'ya bağlanması	Avusturya arşidükünün Osmanlı padişahına denk kabul edilmesi	Macaristan'ın tamamen Osmanlı topraklarına katılması	Rusya'nın Karadeniz'e inmesi	Fransa'ya kapitülasyon verilmesi	b	Zitvatorok Antlaşması ile Avusturya arşidükü Osmanlı padişahına denk kabul edilmiş, Osmanlı Devleti Avrupa diplomasisinde prestij kaybetmiştir.	orta
Tarih	Uzun Savaşlardan Diplomasiye	Zitvatorok ve Bucaş Antlaşmaları	Bucaş Antlaşması ile Osmanlı Devleti'nin hâkimiyetine giren bölge aşağıdakilerden hangisidir?	Kırım	Podolya	Mora	Azak	Erdel	b	1672 Bucaş Antlaşması ile Podolya Osmanlı Devleti'nin hâkimiyetine girmiştir.	kolay
Tarih	Uzun Savaşlardan Diplomasiye	Zitvatorok ve Bucaş Antlaşmaları	Bucaş Antlaşması'nın Osmanlı tarihi açısından önemi aşağıdakilerden hangisidir?	Osmanlı'nın Avrupa'da ilk kez toprak kaybetmesi	Batıda toprak kazandığı son antlaşma olması	Rusya'ya Boğazlardan geçiş hakkı vermesi	Avusturya karşısında siyasi üstünlüğünü kaybetmesi	Kırım'ın bağımsız olması	b	Bucaş Antlaşması, Osmanlı Devleti'nin batıda toprak kazandığı son antlaşmadır.	orta
Tarih	Uzun Savaşlardan Diplomasiye	Karlofça ve 1700 İstanbul Antlaşması	1699 Karlofça Antlaşması'nın Osmanlı Devleti açısından en önemli sonucu aşağıdakilerden hangisidir?	İlk kez geniş çaplı toprak kaybetmesi	İstanbul'un fethedilmesi	Avrupa'da yeniden üstünlük kurması	Kırım'ı geri alması	Anadolu Türk birliğini sağlaması	a	Karlofça Antlaşması ile Osmanlı Devleti Avrupa'da ilk büyük toprak kaybını yaşamış ve savunma dönemine girmiştir.	kolay
Tarih	Uzun Savaşlardan Diplomasiye	Karlofça ve 1700 İstanbul Antlaşması	Karlofça Antlaşması ile Mora aşağıdaki devletlerden hangisine bırakılmıştır?	Rusya	Avusturya	Lehistan	Venedik	Fransa	d	Karlofça Antlaşması ile Mora Venedik'e bırakılmıştır.	orta
Tarih	Uzun Savaşlardan Diplomasiye	Karlofça ve 1700 İstanbul Antlaşması	1700 İstanbul Antlaşması ile Osmanlı Devleti'nin Rusya'ya bıraktığı yer aşağıdakilerden hangisidir?	Belgrad	Azak Kalesi	Podolya	Kırım	Mora	b	1700 İstanbul Antlaşması ile Azak Kalesi Rusya'ya bırakılmıştır.	kolay
Tarih	Okyanusların Önem Kazanması	Coğrafi Keşifler ve Kadırgadan Kalyona Geçiş	Coğrafi Keşiflerin Osmanlı Devleti üzerindeki en önemli ekonomik etkisi aşağıdakilerden hangisidir?	İpek ve Baharat yollarının yeniden canlanması	Gümrük ve liman gelirlerinin azalması	Tarım üretiminin artması	Avrupa'daki toprakların genişlemesi	Tımar sisteminin güçlenmesi	b	Ticaret yollarının Atlas Okyanusu kıyılarına kayması, Osmanlı'nın İpek ve Baharat yollarından elde ettiği gümrük ve liman gelirlerini azaltmıştır.	orta
Tarih	Okyanusların Önem Kazanması	Coğrafi Keşifler ve Kadırgadan Kalyona Geçiş	Deniz savaşlarının okyanuslara taşınmasıyla Osmanlı Devleti'nin kullanmaya yöneldiği yelkenli ve çok toplu savaş gemisi aşağıdakilerden hangisidir?	Kadırga	Kalyon	Şayka	Firkateyn	Çektiri	b	Kalyonlar, açık deniz ve okyanus şartlarında kadırgalara göre daha dayanıklı ve daha fazla top taşıyabilen yelkenli savaş gemileridir.	kolay
Tarih	Okyanusların Önem Kazanması	Coğrafi Keşifler ve Kadırgadan Kalyona Geçiş	Aşağıdakilerden hangisi Coğrafi Keşiflerin sonuçlarından biri değildir?	Akdeniz limanlarının önem kaybetmesi	Atlas Okyanusu kıyısındaki limanların gelişmesi	Avrupa'nın ekonomik olarak güçlenmesi	İpek Yolu'nun eski önemine kavuşması	Osmanlı ekonomisinin olumsuz etkilenmesi	d	Coğrafi Keşiflerden sonra İpek Yolu eski önemini kazanmadı; aksine yeni deniz yolları nedeniyle önem kaybetti.	orta
Tarih	Fetihlerden Savunmaya	Prut ve Pasarofça Antlaşmaları	1711 Prut Antlaşması Osmanlı Devleti ile aşağıdaki devletlerden hangisi arasında imzalanmıştır?	Avusturya	Rusya	Lehistan	Venedik	İran	b	Prut Antlaşması, Osmanlı Devleti ile Rusya arasında imzalanmıştır.	kolay
Tarih	Fetihlerden Savunmaya	Prut ve Pasarofça Antlaşmaları	1718 Pasarofça Antlaşması'nın Osmanlı Devleti açısından en önemli sonucu aşağıdakilerden hangisidir?	Avrupa karşısında fetih siyasetine yeniden dönmesi	Savunma ve ıslahat siyasetine yönelmesi	Halifeliğin Osmanlılara geçmesi	Kırım'ın geri alınması	İstanbul'un fethedilmesi	b	Pasarofça Antlaşması sonrasında Osmanlı Devleti Avrupa karşısında fetih politikasını büyük ölçüde bırakmış, savunma ve ıslahat anlayışına yönelmiştir.	orta
Tarih	Fetihlerden Savunmaya	Prut ve Pasarofça Antlaşmaları	Pasarofça Antlaşması ile Osmanlı Devleti'nin Avusturya'ya bıraktığı önemli şehir aşağıdakilerden hangisidir?	Edirne	Bursa	Belgrad	İznik	Konya	c	1718 Pasarofça Antlaşması ile Belgrad ve çevresi Avusturya'ya bırakılmıştır.	kolay
Tarih	Fetihlerden Savunmaya	Belgrad ve Küçük Kaynarca Antlaşmaları	1739 Belgrad Antlaşması ile aşağıdaki yerlerden hangisi yeniden Osmanlı Devleti'ne katılmıştır?	Azak	Belgrad	Kırım	Podolya	Mora	b	1739 Belgrad Antlaşması ile Belgrad ve Semendire yeniden Osmanlı topraklarına katılmıştır.	kolay
Tarih	Fetihlerden Savunmaya	Belgrad ve Küçük Kaynarca Antlaşmaları	Küçük Kaynarca Antlaşması ile bağımsız hâle getirilen ve daha sonra Rusya tarafından işgal edilen bölge aşağıdakilerden hangisidir?	Kırım	Mora	Girit	Podolya	Erdel	a	Küçük Kaynarca Antlaşması ile Kırım bağımsız hâle getirildi; bu durum Rusya'nın Kırım üzerinde etkili olmasını kolaylaştırdı.	kolay
Tarih	Fetihlerden Savunmaya	Belgrad ve Küçük Kaynarca Antlaşmaları	Küçük Kaynarca Antlaşması'nın Rusya açısından en önemli sonuçlarından biri aşağıdakilerden hangisidir?	Akdeniz'deki tüm adaları ele geçirmesi	Karadeniz'de güç kazanması	İstanbul'u işgal etmesi	Osmanlı halifesini tanıması	Avusturya'yı yenmesi	b	Küçük Kaynarca Antlaşması ile Rusya Karadeniz'de güç kazanmış ve Osmanlı Devleti'nin iç işlerine karışma fırsatı elde etmiştir.	orta
Tarih	Avrupa'da Değişim Çağı	Rönesans, Reform ve Vestfalya	Rönesans hareketleri ilk olarak aşağıdaki ülkelerden hangisinde başlamıştır?	İspanya	İtalya	Fransa	İngiltere	Almanya	b	Rönesans, şehirleşme ve ticaretin geliştiği İtalya'da başlamıştır.	kolay
Tarih	Avrupa'da Değişim Çağı	Rönesans, Reform ve Vestfalya	Reform hareketlerinin Avrupa'daki en belirgin sonucu aşağıdakilerden hangisidir?	Katolik Kilisesi'nin otoritesinin zayıflaması	Feodalitenin yeniden güçlenmesi	Haçlı Seferlerinin başlaması	İpek Yolu'nun canlanması	Mutlak monarşilerin tamamen ortadan kalkması	a	Reform hareketleri Katolik Kilisesi'nin dinî ve siyasi otoritesini zayıflatmıştır.	orta
Tarih	Avrupa'da Değişim Çağı	Rönesans, Reform ve Vestfalya	1648 Vestfalya Antlaşması'nın Avrupa tarihi açısından önemi aşağıdakilerden hangisidir?	Fransız İhtilali'ni başlatması	Coğrafi Keşifleri bitirmesi	Din savaşlarını sona erdirip modern devletler hukukuna zemin hazırlaması	Osmanlı Devleti'ni Avrupa'nın en güçlü devleti yapması	Amerika'nın keşfedilmesini sağlaması	c	Vestfalya Antlaşması, Avrupa'daki din savaşlarını sona erdirmiş ve modern devletler hukukuyla ulus devlet anlayışının gelişmesine katkı sağlamıştır.	orta
Tarih	Avrupa'da Değişim Çağı	Bilim Devrimi ve Aydınlanma	Güneş merkezli evren modelini savunarak Bilim Devrimi'ne katkı sağlayan bilim insanı aşağıdakilerden hangisidir?	Newton	Kopernik	Rousseau	Voltaire	Montesquieu	b	Kopernik, Dünya'nın ve diğer gezegenlerin Güneş etrafında döndüğünü savunmuştur.	kolay
Tarih	Avrupa'da Değişim Çağı	Bilim Devrimi ve Aydınlanma	Evrensel çekim kanununu ortaya koyan bilim insanı aşağıdakilerden hangisidir?	Galileo	Kepler	Newton	Descartes	Voltaire	c	Isaac Newton evrensel çekim kanununu ortaya koymuş, modern fiziğin gelişmesinde etkili olmuştur.	kolay
Tarih	Avrupa'da Değişim Çağı	Bilim Devrimi ve Aydınlanma	Toplum Sözleşmesi adlı eseriyle halk egemenliği düşüncesini savunan düşünür aşağıdakilerden hangisidir?	Rousseau	Machiavelli	Galileo	Kepler	Kopernik	a	Rousseau, egemenliğin halka ait olduğunu savunmuş; fikirleri Fransız İhtilali üzerinde etkili olmuştur.	orta
Tarih	Avrupa'da Değişim Çağı	Bilim Devrimi ve Aydınlanma	Aydınlanma Çağı'nın temel anlayışı aşağıdakilerden hangisidir?	Akıl ve bilimi esas almak	Din adamlarının otoritesini artırmak	Skolastik düşünceyi güçlendirmek	Feodaliteyi korumak	Mutlak monarşiyi yaymak	a	Aydınlanma düşüncesinde akıl, bilim, özgürlük ve eşitlik kavramları öne çıkmıştır.	orta
Tarih	Osmanlı Devleti'nde Değişim	Ekonomik Sarsıntı ve İltizam Sistemi	Osmanlı Devleti'nin vergi toplama hakkını belirli bir bedel karşılığında kişilere devretmesine dayanan sistem aşağıdakilerden hangisidir?	Tımar	İltizam	Devşirme	Müsadere	Narh	b	İltizam sisteminde devlet, belirli bir vergi kaynağını toplama hakkını açık artırma yoluyla mültezimlere verirdi.	kolay
Tarih	Osmanlı Devleti'nde Değişim	Ekonomik Sarsıntı ve İltizam Sistemi	İltizam sisteminde vergi toplama hakkını devletten alan kişiye ne ad verilir?	Mültezim	Reaya	Tımarlı sipahi	Kadıköyü	Ayan	a	Vergi toplama hakkını devletten alan ve belirlenen bedeli peşin ödeyen kişiye mültezim denirdi.	kolay
Tarih	Osmanlı Devleti'nde Değişim	Ekonomik Sarsıntı ve İltizam Sistemi	İltizam sisteminde vergi toplama hakkının ömür boyu verilmesine dayanan uygulama aşağıdakilerden hangisidir?	Malikâne	Müsadere	Dirlik	Gedik	Narh	a	Malikâne sistemi, vergi kaynaklarının ömür boyu işletilmek üzere kişilere verilmesidir.	orta
Tarih	Osmanlı Devleti'nde Değişim	Ekonomik Sarsıntı ve İltizam Sistemi	İltizam ve malikâne uygulamalarının yaygınlaşmasıyla taşrada güç kazanan yerel kişiler aşağıdakilerden hangisidir?	Ayanlar	Devşirmeler	Yeniçeriler	Kadılar	Şehzadeler	a	Vergi kaynaklarını ve yerel gücü kontrol eden ayanlar, iltizam ve malikâne sistemleriyle taşrada daha etkili hâle gelmiştir.	orta
Tarih	İsyanlar ve Düzeni Koruma	Celâli ve Yeniçeri İsyanları	Celâli İsyanları Osmanlı Devleti'nde ağırlıklı olarak hangi bölgede ortaya çıkmıştır?	Rumeli	Anadolu	Kırım	Mısır	Arabistan	b	Celâli İsyanları, özellikle Anadolu'da görülen sosyal ve ekonomik temelli ayaklanmalardır.	kolay
Tarih	İsyanlar ve Düzeni Koruma	Celâli ve Yeniçeri İsyanları	Aşağıdakilerden hangisi Celâli İsyanlarının nedenlerinden biri değildir?	Ağır ve keyfî vergiler	Hızlı nüfus artışı ve kaynak yetersizliği	İşsizliğin artması	Devlet otoritesinin zayıflaması	Coğrafi Keşifler sonucu Amerika'nın bulunması	e	Celâli İsyanlarında ağır vergiler, işsizlik, kaynak yetersizliği ve otorite zayıflığı etkili olmuştur. Amerika'nın bulunması doğrudan bir neden değildir.	orta
Tarih	İsyanlar ve Düzeni Koruma	Celâli ve Yeniçeri İsyanları	Celâli İsyanları sonucunda Anadolu halkının güvenli bölgelere göç etmesine verilen ad aşağıdakilerden hangisidir?	Büyük Kaçgun	Kavimler Göçü	Hicret	Sürgün	İskân	a	Celâli İsyanlarıyla birlikte Anadolu'da güvenlik bozulmuş, halkın göç hareketi Büyük Kaçgun olarak adlandırılmıştır.	orta
Tarih	İsyanlar ve Düzeni Koruma	Celâli ve Yeniçeri İsyanları	Yeniçeri İsyanlarının Osmanlı Devleti üzerindeki en önemli etkilerinden biri aşağıdakilerden hangisidir?	Merkezî otoritenin güçlenmesi	Padişahların ve devlet adamlarının baskı altına alınması	Tımar sisteminin yaygınlaşması	Avrupa'daki toprakların genişlemesi	Halifeliğin Osmanlılara geçmesi	b	Yeniçeri isyanları, merkezî otoriteyi zayıflatmış; padişah ve devlet adamları üzerinde baskı kurulmasına yol açmıştır.	orta
Tarih	İsyanlar ve Düzeni Koruma	Celâli ve Yeniçeri İsyanları	Yeniçeriler tarafından öldürülen Osmanlı padişahı aşağıdakilerden hangisidir?	II. Osman	III. Selim	II. Mahmut	I. Ahmet	IV. Murat	a	Genç Osman olarak da bilinen II. Osman, Yeniçeri İsyanı sırasında öldürülmüştür.	kolay
Tarih	İsyanlar ve Düzeni Koruma	Ekber ve Erşed Sistemi ile Lale Devri	Ekber ve Erşed Sistemi'ne göre Osmanlı tahtına kimin geçmesi esastır?	Hanedanın en yaşlı ve en olgun üyesinin	Padişahın en büyük oğlunun	Divan üyelerinin seçtiği kişinin	Yeniçeri ağasının belirlediği şehzadenin	Halkın oyuyla seçilen kişinin	a	Ekber ve Erşed Sistemi, hanedanın en yaşlı ve en olgun üyesinin tahta geçmesini esas alır.	kolay
Tarih	İsyanlar ve Düzeni Koruma	Ekber ve Erşed Sistemi ile Lale Devri	Ekber ve Erşed Sistemi'nin kabul edilmesindeki temel amaç aşağıdakilerden hangisidir?	Devşirme sistemini yaygınlaştırmak	Taht kavgalarını azaltmak	Tımar sistemini kaldırmak	Halifeliği güçlendirmek	Avrupa'da fetihlere yeniden başlamak	b	Sistem, hanedan içindeki taht mücadelelerini ve kardeş katli uygulamasını azaltmayı amaçlamıştır.	orta
Tarih	İsyanlar ve Düzeni Koruma	Ekber ve Erşed Sistemi ile Lale Devri	Lale Devri hangi antlaşmadan sonra başlamıştır?	Karlofça	Prut	Pasarofça	Belgrad	Küçük Kaynarca	c	Lale Devri, 1718 Pasarofça Antlaşması'ndan sonra başlamıştır.	kolay
Tarih	İsyanlar ve Düzeni Koruma	Ekber ve Erşed Sistemi ile Lale Devri	Lale Devri'nde ilk Türk matbaasını kuran kişi aşağıdakilerden hangisidir?	İbrahim Müteferrika	Katip Çelebi	Evliya Çelebi	Yirmisekiz Çelebi Mehmet Efendi	Koçi Bey	a	İbrahim Müteferrika, Lale Devri'nde ilk Türk matbaasını kurmuştur.	kolay
Tarih	İsyanlar ve Düzeni Koruma	Ekber ve Erşed Sistemi ile Lale Devri	Lale Devri'nin sona ermesine yol açan isyan aşağıdakilerden hangisidir?	Kabakçı Mustafa İsyanı	Patrona Halil İsyanı	Celâli İsyanları	31 Mart Olayı	Alemdar Olayı	b	Lale Devri, 1730 yılında Patrona Halil İsyanı ile sona ermiştir.	orta
Tarih	İhtilaller Çağı	1789 Fransız İhtilali	1789 Fransız İhtilali sonucunda Fransa'da sona eren yönetim biçimi aşağıdakilerden hangisidir?	Mutlak monarşi	Cumhuriyet	Meşrutiyet	Federasyon	Oligarşi	a	Fransız İhtilali ile Fransa'da mutlak monarşi yıkılmış ve cumhuriyet anlayışı güç kazanmıştır.	kolay
Tarih	İhtilaller Çağı	1789 Fransız İhtilali	Aşağıdakilerden hangisi Fransız İhtilali'nin yaydığı temel düşüncelerden biri değildir?	Özgürlük	Eşitlik	Milliyetçilik	Demokrasi	Skolastik düşünce	e	Fransız İhtilali özgürlük, eşitlik, milliyetçilik ve demokrasi fikirlerini yaymıştır; skolastik düşünceyi savunmamıştır.	orta
Tarih	İhtilaller Çağı	1789 Fransız İhtilali	Fransız İhtilali'nin milliyetçilik akımı yoluyla en fazla etkilediği siyasi yapılar aşağıdakilerden hangisidir?	Şehir devletleri	Çok uluslu imparatorluklar	Tek uluslu krallıklar	Ticaret şirketleri	Denizci devletler	b	Milliyetçilik akımı, farklı milletleri bünyesinde barındıran çok uluslu imparatorluklarda ayrılıkçı hareketleri güçlendirmiştir.	orta
Tarih	İhtilaller Çağı	1789 Fransız İhtilali	Fransız İhtilali'nin Osmanlı Devleti üzerindeki en önemli etkisi aşağıdakilerden hangisidir?	Azınlık isyanlarının artması	Halifeliğin kaldırılması	İstanbul'un fethedilmesi	Tımar sisteminin kurulması	Devşirme sisteminin başlaması	a	Milliyetçilik fikrinin yayılması, Osmanlı Devleti'ndeki Sırp ve Yunan isyanları gibi azınlık hareketlerini etkilemiştir.	zor
Tarih	Osmanlı Devleti'nde Modern Orduya Geçiş	Nizam-ı Cedit Ordusu	III. Selim döneminde Avrupa tarzında kurulan yeni askerî birlik aşağıdakilerden hangisidir?	Nizam-ı Cedit	Asakir-i Mansure	Yeniçeri Ocağı	Redif birlikleri	Tımarlı sipahiler	a	Nizam-ı Cedit, III. Selim döneminde Batı tarzında eğitim ve talim yapan yeni askerî birliktir.	kolay
Tarih	Osmanlı Devleti'nde Modern Orduya Geçiş	Nizam-ı Cedit Ordusu	Nizam-ı Cedit ordusunun giderlerini karşılamak amacıyla oluşturulan hazine aşağıdakilerden hangisidir?	İrad-ı Cedit	Hazine-i Hassa	Düyûn-ı Umûmiye	Mukataa Hazinesi	Cebehane Hazinesi	a	Nizam-ı Cedit ordusunun masraflarını karşılamak için İrad-ı Cedit adı verilen özel hazine kurulmuştur.	orta
Tarih	Osmanlı Devleti'nde Modern Orduya Geçiş	Nizam-ı Cedit Ordusu	Nizam-ı Cedit ordusunun dağıtılmasına ve III. Selim'in tahttan indirilmesine yol açan gelişme aşağıdakilerden hangisidir?	Patrona Halil İsyanı	Kabakçı Mustafa İsyanı	Celâli İsyanları	31 Mart Olayı	Vaka-i Hayriye	b	1807 Kabakçı Mustafa İsyanı sonrasında III. Selim tahttan indirilmiş, Nizam-ı Cedit ordusu dağıtılmıştır.	orta
Tarih	Osmanlı Devleti'nde Modern Orduya Geçiş	Nizam-ı Cedit Ordusu	Alemdar Mustafa Paşa'nın Nizam-ı Cedit örnek alınarak kurduğu askerî birlik aşağıdakilerden hangisidir?	Sekban-ı Cedit	Asakir-i Mansure	Eşkinci Ocağı	Azaplar	Yaya ve müsellemler	a	Alemdar Mustafa Paşa, Nizam-ı Cedit'i örnek alarak Sekban-ı Cedit Ocağı'nı kurmuştur.	orta
Tarih	Osmanlı Devleti'nde Modern Orduya Geçiş	Vakay-ı Hayriye ve Yeni Ordu	II. Mahmut döneminde Yeniçeri Ocağı'nın kaldırılması olayı aşağıdaki adlardan hangisiyle bilinir?	Vaka-i Vakvakiye	Vaka-i Hayriye	Kabakçı Mustafa İsyanı	Patrona Halil İsyanı	Alemdar Olayı	b	Yeniçeri Ocağı'nın 1826'da kaldırılması, Hayırlı Olay anlamındaki Vaka-i Hayriye olarak adlandırılmıştır.	kolay
Tarih	Osmanlı Devleti'nde Modern Orduya Geçiş	Vakay-ı Hayriye ve Yeni Ordu	Yeniçeri Ocağı kaldırıldıktan sonra kurulan yeni ve düzenli Osmanlı ordusu aşağıdakilerden hangisidir?	Nizam-ı Cedit	Sekban-ı Cedit	Asakir-i Mansure-i Muhammediye	Tımarlı Sipahiler	Akıncılar	c	Yeniçeri Ocağı kaldırıldıktan sonra II. Mahmut tarafından Asakir-i Mansure-i Muhammediye ordusu kurulmuştur.	kolay
Tarih	Osmanlı Devleti'nde Modern Orduya Geçiş	Vakay-ı Hayriye ve Yeni Ordu	Vaka-i Hayriye'nin Osmanlı yenileşme hareketleri açısından en önemli sonucu aşağıdakilerden hangisidir?	Merkezî otoriteyi zayıflatması	Askerî yeniliklerin önündeki büyük engellerden birini kaldırması	Tımar sistemini yeniden başlatması	Avrupa'daki toprakları genişletmesi	Halifeliği kaldırması	b	Yeniçeri Ocağı'nın kaldırılmasıyla askerî yeniliklere karşı en güçlü engellerden biri ortadan kalkmıştır.	orta
Tarih	XIX. Yüzyılda Sosyal Hayattaki Değişimler	Modern Eğitim Kurumları	II. Mahmut döneminde ortaöğretim düzeyinde açılan modern eğitim kurumları aşağıdakilerden hangisidir?	Enderunlar	Rüştiyeler	Nizamiye Medreseleri	Ahilik teşkilatları	Loncalar	b	II. Mahmut döneminde modern eğitim anlayışı doğrultusunda rüştiyeler açılmıştır.	kolay
Tarih	XIX. Yüzyılda Sosyal Hayattaki Değişimler	Modern Eğitim Kurumları	Osmanlı Devleti'nde yayımlanan ilk resmî gazete aşağıdakilerden hangisidir?	Ceride-i Havadis	Tercüman-ı Ahval	Takvim-i Vekayi	Tasvir-i Efkâr	İbret	c	Takvim-i Vekayi, 1831 yılında yayımlanan ilk resmî Osmanlı gazetesidir.	orta
Tarih	XIX. Yüzyılda Sosyal Hayattaki Değişimler	Sosyal Devlet ve Simgeler	II. Mahmut dönemindeki kıyafet düzenlemeleriyle devlet memurlarının kullanması yaygınlaştırılan başlık aşağıdakilerden hangisidir?	Sarık	Fes	Börk	Külah	Kavuk	b	II. Mahmut döneminde kıyafet düzenlemeleri yapılmış ve fes kullanımı yaygınlaştırılmıştır.	kolay
Tarih	XIX. Yüzyılda Sosyal Hayattaki Değişimler	Sosyal Devlet ve Simgeler	Salgın hastalıkların yayılmasını önlemek amacıyla oluşturulan kurum aşağıdakilerden hangisidir?	Mühendishane	Karantina teşkilatı	Enderun	Millet sistemi	Tımar sistemi	b	XIX. yüzyılda salgınlarla mücadele etmek için karantina uygulamaları ve kurumları oluşturulmuştur.	orta
Tarih	Osmanlı Devleti'ne Yönelik Tehditler-I	Sırp ve Yunan İsyanları	Milliyetçilik akımının etkisiyle başlayan Yunan İsyanı sonucunda Yunanistan'ın bağımsızlığı hangi antlaşmayla kabul edilmiştir?	Edirne Antlaşması	Karlofça Antlaşması	Küçük Kaynarca Antlaşması	Paris Antlaşması	Berlin Antlaşması	a	1829 Edirne Antlaşması ile Yunanistan bağımsızlığını kazanmıştır.	kolay
Tarih	Osmanlı Devleti'ne Yönelik Tehditler-I	Sırp ve Yunan İsyanları	II. Mahmut'un Mora İsyanı sırasında yardım istemesi, aşağıdaki kişilerden hangisinin güç kazanmasına ortam hazırlamıştır?	Kavalalı Mehmet Ali Paşa	Âlemdar Mustafa Paşa	Mithat Paşa	Fuad Paşa	Keçecizade Fuat Paşa	a	II. Mahmut'un Mora İsyanı sırasında Mehmet Ali Paşa'dan yardım istemesi, onun Mısır'daki gücünü ve etkisini artırmıştır.	orta
Tarih	Osmanlı Devleti'ne Yönelik Tehditler-II	Mehmet Ali Paşa ve Boğazlar	1833 Hünkâr İskelesi Antlaşması Osmanlı Devleti ile hangi devlet arasında imzalanmıştır?	İngiltere	Rusya	Fransa	Avusturya	İran	b	Mehmet Ali Paşa İsyanı sırasında Rusya'nın Osmanlı Devleti'ne yardım etmesinden sonra 1833 Hünkâr İskelesi Antlaşması imzalanmıştır.	kolay
Tarih	Osmanlı Devleti'ne Yönelik Tehditler-II	Mehmet Ali Paşa ve Boğazlar	Boğazların ilk kez uluslararası bir statü kazanmasını sağlayan gelişme aşağıdakilerden hangisidir?	Berlin Antlaşması	Londra Boğazlar Sözleşmesi	Karlofça Antlaşması	Paris Antlaşması	Balta Limanı Antlaşması	b	1841 Londra Boğazlar Sözleşmesi ile Boğazlar ilk kez uluslararası bir statü kazanmıştır.	orta
Tarih	Osmanlı Devleti'nde Demokratikleşme Hareketleri	Sened-i İttifak ve Tanzimat Fermanı	1808 Sened-i İttifak'ın Osmanlı demokratikleşme tarihi açısından önemi aşağıdakilerden hangisidir?	İlk yazılı anayasa olması	Padişahın yetkilerini ilk kez hukuken sınırlaması	Cumhuriyetin ilan edilmesi	Halifeliğin kaldırılması	Çok partili hayata geçilmesi	b	Sened-i İttifak, padişahın yetkilerini hukuken sınırlayan ilk siyasi belge kabul edilir.	orta
Tarih	Osmanlı Devleti'nde Demokratikleşme Hareketleri	Sened-i İttifak ve Tanzimat Fermanı	Sened-i İttifak ile varlıkları ve kazanımları resmen tanınan yerel güçler aşağıdakilerden hangisidir?	Yeniçeriler	Âyanlar	Mültezimler	Tımarlı sipahiler	Esnaflar	b	Sened-i İttifak'ta âyanların varlığı ve bazı hakları resmen tanınmıştır.	kolay
Tarih	Osmanlı Devleti'nde Demokratikleşme Hareketleri	Sened-i İttifak ve Tanzimat Fermanı	1839 Tanzimat Fermanı ile güvence altına alınan haklar arasında aşağıdakilerden hangisi yer almaz?	Can güvenliği	Mal güvenliği	Namus güvenliği	Özel mülkiyetin tamamen kaldırılması	Hukuk önünde güvence	d	Tanzimat Fermanı can, mal ve namus güvenliği sağlamayı amaçlamış; özel mülkiyeti kaldırmamıştır.	orta
Tarih	Osmanlı Devleti'nde Demokratikleşme Hareketleri	Islahat Fermanı	1856 Islahat Fermanı'nın özellikle haklarını genişlettiği kesim aşağıdakilerden hangisidir?	Tımarlı sipahiler	Yeniçeriler	Gayrimüslimler	Âyanlar	Mültezimler	c	Islahat Fermanı, özellikle gayrimüslimlere yeni haklar tanımayı amaçlamıştır.	kolay
Tarih	Osmanlı Devleti'nde Darbeler	1876 Darbesi ve 31 Mart Vakası	1876'da ilan edilen Kanun-ı Esasi'nin Türk siyasi tarihi açısından önemi aşağıdakilerden hangisidir?	İlk siyasal parti olması	İlk yazılı anayasa olması	İlk cumhuriyet anayasası olması	Saltanatı kaldırması	Halifeliği sona erdirmesi	b	Kanun-ı Esasi, Türk tarihinin ilk yazılı anayasasıdır ve I. Meşrutiyet Dönemi'ni başlatmıştır.	kolay
Tarih	Osmanlı Devleti'nde Darbeler	1876 Darbesi ve 31 Mart Vakası	Kanun-ı Esasi döneminde Meclis-i Umumi'nin halk tarafından seçilen üyelerinin bulunduğu kanat aşağıdakilerden hangisidir?	Âyan Meclisi	Mebusan Meclisi	Divan-ı Hümayun	Şûra-yı Devlet	Meclis-i Vükela	b	Meclis-i Mebusan üyeleri sınırlı da olsa halk tarafından seçimle belirlenirdi; Âyan Meclisi üyelerini padişah seçerdi.	orta
Tarih	Osmanlı Devleti'nde Darbeler	1876 Darbesi ve 31 Mart Vakası	II. Meşrutiyet'in ilan edilmesiyle yeniden yürürlüğe konan anayasa aşağıdakilerden hangisidir?	Tanzimat Fermanı	Islahat Fermanı	Kanun-ı Esasi	Sened-i İttifak	Teşkilat-ı Esasiye	c	1908'de II. Meşrutiyet ilan edilince Kanun-ı Esasi yeniden yürürlüğe konmuştur.	kolay
Tarih	Osmanlı Devleti'nde Darbeler	1876 Darbesi ve 31 Mart Vakası	31 Mart Olayı'nın bastırılmasından sonra meydana gelen gelişme aşağıdakilerden hangisidir?	II. Abdülhamid'in tahttan indirilmesi	Meşrutiyetin tamamen kaldırılması	Saltanatın kaldırılması	Osmanlı Devleti'nin savaşa girmesi	Cumhuriyetin ilan edilmesi	a	31 Mart Ayaklanması Hareket Ordusu tarafından bastırılmış; ardından II. Abdülhamid tahttan indirilmiştir.	orta
Tarih	20. Yüzyıl Başlarında Osmanlı Devleti	Trablusgarp ve Balkan Savaşları	Trablusgarp Savaşı'nın başlamasına neden olan gelişme aşağıdakilerden hangisidir?	Fransa'nın Mısır'ı işgali	İtalya'nın Trablusgarp'a saldırması	Yunanistan'ın İzmir'i işgali	Rusya'nın Kırım'ı işgali	İngiltere'nin İstanbul'u işgali	b	1911 yılında İtalya'nın Trablusgarp'a saldırmasıyla savaş başlamıştır.	kolay
Tarih	20. Yüzyıl Başlarında Osmanlı Devleti	Trablusgarp ve Balkan Savaşları	Trablusgarp Savaşı sonunda Osmanlı Devleti'nin Trablusgarp ve Bingazi'yi İtalya'ya bırakmasına neden olan antlaşma aşağıdakilerden hangisidir?	Uşi Antlaşması	Edirne Antlaşması	Berlin Antlaşması	Bükreş Antlaşması	Mondros Ateşkesi	a	Uşi Antlaşması ile Trablusgarp ve Bingazi İtalya'ya bırakılmıştır.	orta
Tarih	20. Yüzyıl Başlarında Osmanlı Devleti	Trablusgarp ve Balkan Savaşları	I. Balkan Savaşı sonunda Osmanlı Devleti'nin Balkanlardaki sınırını belirleyen hat aşağıdakilerden hangisidir?	Midye-Enez hattı	Merinç-Arda hattı	Tuna-Sava hattı	Çatalca-Silivri hattı	Prut-Dinyester hattı	a	1912-1913 Balkan Savaşları sonunda Osmanlı Devleti, Midye-Enez hattının batısındaki topraklarını kaybetmiştir.	orta
Tarih	20. Yüzyıl Başlarında Osmanlı Devleti	Trablusgarp ve Balkan Savaşları	II. Balkan Savaşı sırasında Osmanlı Devleti'nin geri aldığı şehirler aşağıdakilerden hangisidir?	İzmir ve Manisa	Edirne ve Kırklareli	Belgrad ve Semendire	Selanik ve Kavala	Üsküp ve Manastır	b	II. Balkan Savaşı'ndan yararlanan Osmanlı Devleti, Edirne ve Kırklareli'yi geri almıştır.	kolay
Tarih	I. Dünya Savaşı Sürecinde Osmanlı	Savaşın Nedenleri ve Girilmesi	I. Dünya Savaşı'nın temel nedenleri arasında aşağıdakilerden hangisi gösterilemez?	Sömürgecilik yarışı	Silahlanma	Milliyetçilik	Bloklaşma	Tevhid-i Tedrisat	e	Tevhid-i Tedrisat Kanunu Türkiye Cumhuriyeti dönemine aittir; I. Dünya Savaşı'nın nedenleri arasında yer almaz.	kolay
Tarih	I. Dünya Savaşı Sürecinde Osmanlı	Savaşın Nedenleri ve Girilmesi	I. Dünya Savaşı'nın başlamasına doğrudan neden olan olay aşağıdakilerden hangisidir?	Franz Ferdinand'ın öldürülmesi	Çanakkale Savaşlarının başlaması	İtalya'nın Trablusgarp'ı işgali	Mondros Ateşkes Antlaşması'nın imzalanması	Balkan Savaşlarının sona ermesi	a	Avusturya-Macaristan Veliahtı Franz Ferdinand'ın Saraybosna'da öldürülmesi, savaşın doğrudan nedeni olmuştur.	orta
Tarih	I. Dünya Savaşı Sürecinde Osmanlı	Savaşın Nedenleri ve Girilmesi	Osmanlı Devleti I. Dünya Savaşı'na hangi devletin yanında katılmıştır?	İngiltere	Fransa	Rusya	Almanya	İtalya	d	Osmanlı Devleti, Almanya ile ittifak yaparak I. Dünya Savaşı'na İttifak Devletleri yanında katılmıştır.	kolay
Tarih	I. Dünya Savaşı Sürecinde Osmanlı	Savaşın Nedenleri ve Girilmesi	Osmanlı Devleti'nin savaşa fiilen girmesine neden olan gelişme aşağıdakilerden hangisidir?	Yavuz ve Midilli gemilerinin Rus limanlarını bombalaması	Almanya'nın Belçika'yı işgal etmesi	İtalya'nın On İki Ada'yı işgal etmesi	İngiltere'nin Mısır'ı işgali	Fransa'nın Tunus'u alması	a	Goben ve Breslau adlı Alman gemileri Osmanlı'ya sığındıktan sonra Yavuz ve Midilli adını almış; Rus limanlarını bombalayınca Osmanlı Devleti savaşa fiilen girmiştir.	orta
Tarih	I. Dünya Savaşı Sürecinde Osmanlı	Cepheler	Kafkas Cephesi'nde Osmanlı Devleti'nin Ruslara karşı başlattığı ve ağır kayıplarla sonuçlanan harekât aşağıdakilerden hangisidir?	Sakarya Harekâtı	Sarıkamış Harekâtı	Büyük Taarruz	Çanakkale Harekâtı	Kutü'l-Amâre Harekâtı	b	Sarıkamış Harekâtı, Kafkas Cephesi'nde ağır kış şartları nedeniyle büyük kayıplarla sonuçlanmıştır.	kolay
Tarih	I. Dünya Savaşı Sürecinde Osmanlı	Cepheler	Osmanlı Devleti'nin İngilizlere karşı önemli bir zafer kazandığı cephe ve olay eşleştirmesi aşağıdakilerden hangisidir?	Irak Cephesi - Kutü'l-Amâre Zaferi	Kafkas Cephesi - Mudanya Ateşkesi	Çanakkale Cephesi - Sevr Antlaşması	Hicaz Cephesi - Lozan Antlaşması	Suriye Cephesi - Gümrü Antlaşması	a	Irak Cephesi'nde Halil Kut Paşa komutasındaki Osmanlı kuvvetleri Kutü'l-Amâre'de İngilizlere karşı önemli bir zafer kazanmıştır.	orta
Tarih	I. Dünya Savaşı Sürecinde Osmanlı	Cepheler	Çanakkale Cephesi'ndeki başarıları nedeniyle Anafartalar Kahramanı olarak tanınan komutan aşağıdakilerden hangisidir?	Kazım Karabekir	İsmet İnönü	Mustafa Kemal	Halil Kut Paşa	Fahrettin Paşa	c	Mustafa Kemal, Çanakkale Cephesi'nde özellikle Anafartalar'daki başarılarıyla Anafartalar Kahramanı olarak tanınmıştır.	kolay
Tarih	I. Dünya Savaşı'nın Sonuçları	Mondros Ateşkes Antlaşması (1918)	Mondros Ateşkes Antlaşması hangi tarihte imzalanmıştır?	30 Ekim 1918	29 Ekim 1923	10 Ağustos 1920	24 Temmuz 1923	11 Ekim 1922	a	Mondros Ateşkes Antlaşması, 30 Ekim 1918'de imzalanmıştır.	kolay
Tarih	I. Dünya Savaşı'nın Sonuçları	Mondros Ateşkes Antlaşması (1918)	Mondros Ateşkes Antlaşması'nın 7. maddesi İtilaf Devletlerine aşağıdaki imkânlardan hangisini vermiştir?	İstedikleri stratejik noktayı işgal etme	Osmanlı Devleti'ne savaş açma	Boğazları tamamen Osmanlıya bırakma	Türk ordusunu güçlendirme	Osmanlı Meclisini yeniden açma	a	7. madde, İtilaf Devletlerine güvenlik gerekçesiyle istedikleri stratejik noktayı işgal etme hakkı vermiştir.	orta
Tarih	Millî Mücadele'ye Hazırlık Dönemi-I	İzmir'in İşgali ve Kuvay-ı Milliye	Mondros Ateşkes Antlaşması'ndan sonra işgallere karşı ortaya çıkan ilk silahlı direniş örgütlerine ne ad verilir?	Kuvâ-yı Milliye	Divan-ı Hümayun	İttihat ve Terakki	Nizam-ı Cedit	Müdafaa-i Hukuk Meclisi	a	Kuvâ-yı Milliye, işgaller karşısında halkın oluşturduğu bölgesel silahlı direniş birlikleridir.	kolay
Tarih	Millî Mücadele'ye Hazırlık Dönemi-I	İzmir'in İşgali ve Kuvay-ı Milliye	İşgallere karşı miting ve protestolar düzenlenmesinin temel amacı aşağıdakilerden hangisidir?	İşgallerin haksızlığını dünya kamuoyuna duyurmak	Osmanlı Devleti'ni savaşa yeniden sokmak	Halifeliği güçlendirmek	Mondros'u desteklemek	Yeniçeri Ocağını kurmak	a	Miting ve protestolarla işgallerin haksızlığı hem halka hem dünya kamuoyuna duyurulmaya çalışılmıştır.	orta
Tarih	Millî Mücadele'ye Hazırlık Dönemi-II	Havza ve Amasya Genelgeleri	Amasya Genelgesi'nin Millî Mücadele açısından en önemli özelliği aşağıdakilerden hangisidir?	Manda ve himayeyi kesin olarak reddetmesi	Millî Mücadele'nin gerekçe, amaç ve yöntemini açıklaması	TBMM'yi açması	İstanbul Hükûmetini tanıması	Lozan Antlaşması'nı kabul etmesi	b	Amasya Genelgesi, Millî Mücadele'nin gerekçesini, amacını ve uygulanacak yöntemi ilk kez açıklayan belgedir.	orta
Tarih	Millî Mücadele'ye Hazırlık Dönemi-II	Havza ve Amasya Genelgeleri	“Milletin bağımsızlığını yine milletin azim ve kararı kurtaracaktır.” kararı aşağıdaki anlayışlardan hangisini öne çıkarır?	Mandacılık	Millî egemenlik	Saltanatçılık	Ümmetçilik	Hilafetçilik	b	Bu ifade, kurtuluşun milletin kendi iradesiyle sağlanacağını vurgulayarak millî egemenlik anlayışını öne çıkarır.	kolay
Tarih	Millî Mücadele'ye Hazırlık Dönemi-II	Erzurum ve Sivas Kongreleri	Sivas Kongresi'nin Erzurum Kongresi'nden farklı olarak ulusal nitelik taşımasının temel nedeni aşağıdakilerden hangisidir?	Tüm yararlı cemiyetleri tek çatı altında birleştirmesi	İlk kez manda ve himayeyi reddetmesi	Temsil Heyetini ilk kez oluşturması	Misak-ı Millî'yi kabul etmesi	TBMM'nin açılmasını sağlaması	a	Sivas Kongresi'nde bütün yararlı cemiyetler Anadolu ve Rumeli Müdafaa-i Hukuk Cemiyeti altında birleştirilmiştir.	orta
Tarih	Büyük Millet Meclisi'nin Açılması ve Sevr	BMM'nin Açılması ve İsyanlar	TBMM hangi tarihte açılmıştır?	19 Mayıs 1919	23 Nisan 1920	20 Ocak 1921	1 Kasım 1922	29 Ekim 1923	b	TBMM, 23 Nisan 1920'de Ankara'da açılmıştır.	kolay
Tarih	Büyük Millet Meclisi'nin Açılması ve Sevr	BMM'nin Açılması ve İsyanlar	Birinci TBMM'de yasama ve yürütme yetkilerinin mecliste toplanması aşağıdaki ilkelerden hangisini gösterir?	Güçler ayrılığı	Güçler birliği	Laiklik	Halkçılık	Devletçilik	b	Birinci TBMM'de yasama ve yürütme yetkileri mecliste toplandığı için güçler birliği ilkesi uygulanmıştır.	orta
Tarih	Büyük Millet Meclisi'nin Açılması ve Sevr	Sevr Antlaşması	Sevr Antlaşması'nın hukuken geçersiz sayılmasının temel nedeni aşağıdakilerden hangisidir?	İtilaf Devletlerinin antlaşmayı reddetmesi	Osmanlı Mebusan Meclisinin antlaşmayı onaylamaması	TBMM'nin kapatılması	Lozan Antlaşması'nın daha önce imzalanması	İstanbul'un işgal edilmemesi	b	Osmanlı anayasasına göre antlaşmaların Mebusan Meclisi tarafından onaylanması gerekiyordu. Meclis kapalı olduğu için Sevr hukuken yürürlüğe girmedi.	orta
Tarih	Büyük Millet Meclisi'nin Açılması ve Sevr	Sevr Antlaşması	TBMM'nin Sevr Antlaşması karşısındaki tutumu aşağıdakilerden hangisidir?	Antlaşmayı kabul etmiştir	Antlaşmayı küçük değişikliklerle onaylamıştır	Antlaşmayı tanımamış ve uygulanmasına izin vermemiştir	Antlaşmayı Rusya ile birlikte imzalamıştır	Antlaşmayı yalnızca ekonomik maddeleriyle kabul etmiştir	c	TBMM, Anadolu'yu parçalamayı amaçlayan Sevr Antlaşması'nı tanımamış ve antlaşmayı imzalayanları vatan haini saymıştır.	kolay
Tarih	Doğu, Güney ve Batı Cepheleri	Doğu ve Güney Cepheleri	Doğu Cephesi'nde Ermenilere karşı mücadele eden Türk ordusunun komutanı aşağıdakilerden hangisidir?	İsmet İnönü	Kazım Karabekir	Ali Fuat Paşa	Refet Bele	Fahrettin Paşa	b	Doğu Cephesi'nde Ermenilere karşı Türk ordusuna Kazım Karabekir komuta etmiştir.	kolay
Tarih	Doğu, Güney ve Batı Cepheleri	Doğu ve Güney Cepheleri	Doğu Cephesi'ndeki başarı sonucunda imzalanan ve TBMM'nin ilk siyasi başarısı kabul edilen antlaşma aşağıdakilerden hangisidir?	Gümrü Antlaşması	Moskova Antlaşması	Ankara Antlaşması	Mudanya Ateşkesi	Kars Antlaşması	a	Gümrü Antlaşması, TBMM'nin uluslararası alandaki ilk siyasi başarısı olarak kabul edilir.	orta
Tarih	Doğu, Güney ve Batı Cepheleri	Doğu ve Güney Cepheleri	Güney Cephesi'nde Türk halkının mücadele ettiği başlıca devlet aşağıdakilerden hangisidir?	Rusya	İngiltere	Fransa	İtalya	Yunanistan	c	Güney Cephesi'nde halk, özellikle Fransız ve onların desteklediği Ermeni kuvvetlerine karşı mücadele etmiştir.	kolay
Tarih	Doğu, Güney ve Batı Cepheleri	Doğu ve Güney Cepheleri	Güney Cephesi'nin kapanmasını sağlayan antlaşma aşağıdakilerden hangisidir?	Gümrü Antlaşması	Moskova Antlaşması	Ankara Antlaşması	Kars Antlaşması	Mudanya Ateşkesi	c	20 Ekim 1921 Ankara Antlaşması ile Fransa bölgeden çekilmiş ve Güney Cephesi kapanmıştır.	orta
Tarih	Doğu, Güney ve Batı Cepheleri	Batı Cephesi I. ve II. İnönü Muharebeleri	Düzenli ordunun Batı Cephesi'ndeki ilk askerî başarısı aşağıdakilerden hangisidir?	I. İnönü Muharebesi	Kütahya-Eskişehir Savaşları	Sakarya Meydan Muharebesi	Büyük Taarruz	Mudanya Ateşkesi	a	I. İnönü Muharebesi, düzenli ordunun Batı Cephesi'ndeki ilk askerî başarısıdır.	kolay
Tarih	Doğu, Güney ve Batı Cepheleri	Kütahya-Eskişehir ve Sakarya Savaşları	Kütahya-Eskişehir Savaşları sonrasında Türk ordusunun Sakarya Nehri'nin doğusuna çekilmesinin ardından alınan en önemli tedbir aşağıdakilerden hangisidir?	Halifeliğin kaldırılması	Tekâlif-i Millîye Emirlerinin yayımlanması	Lozan Antlaşması'nın imzalanması	Cumhuriyetin ilanı	Mondros Ateşkesinin kabulü	b	Mustafa Kemal'in başkomutan olmasından sonra ordunun ihtiyaçlarını karşılamak için Tekâlif-i Millîye Emirleri yayımlanmıştır.	orta
Tarih	Doğu, Güney ve Batı Cepheleri	Kütahya-Eskişehir ve Sakarya Savaşları	Sakarya Meydan Muharebesi'nin Türk Kurtuluş Savaşı açısından en önemli sonucu aşağıdakilerden hangisidir?	Türk ordusunun savunmadan taarruza geçme imkânı bulması	İstanbul'un işgal edilmesi	Yeniçeri Ocağının kaldırılması	Sevr Antlaşması'nın imzalanması	Doğu Cephesi'nin açılması	a	Sakarya Zaferi ile Türk ordusunun geri çekilişi sona ermiş ve taarruz hazırlıklarına geçilmiştir.	orta
Tarih	Doğu, Güney ve Batı Cepheleri	Batı Cephesi I. ve II. İnönü Muharebeleri	Londra Konferansı'na TBMM Hükûmetinin çağrılması aşağıdakilerden hangisini gösterir?	İtilaf Devletlerinin TBMM'yi hukuken tanımaya başladığını	Sevr Antlaşması'nın tamamen kaldırıldığını	Osmanlı saltanatının sona erdiğini	Yunanistan'ın savaştan çekildiğini	Rusya'nın kapitülasyonları kaldırdığını	a	İtilaf Devletleri TBMM'yi Londra Konferansı'na çağırarak onu hukuken tanımış sayılmıştır.	orta
Tarih	Doğu, Güney ve Batı Cepheleri	Batı Cephesi I. ve II. İnönü Muharebeleri	Moskova Antlaşması ile TBMM Hükûmetini tanıyan ilk Avrupa devleti aşağıdakilerden hangisidir?	Fransa	İngiltere	İtalya	Sovyet Rusya	Yunanistan	d	Moskova Antlaşması ile Sovyet Rusya, TBMM Hükûmetini tanıyan ilk Avrupa devleti olmuştur.	kolay
Tarih	Doğu, Güney ve Batı Cepheleri	Doğu ve Güney Cepheleri	Türkiye'nin doğu sınırının kesinleşmesini sağlayan antlaşma aşağıdakilerden hangisidir?	Mudanya Ateşkesi	Kars Antlaşması	Lozan Antlaşması	Ankara Antlaşması	Gümrü Antlaşması	b	Kars Antlaşması ile Türkiye'nin doğu sınırı kesin olarak belirlenmiştir.	kolay
Tarih	Doğu, Güney ve Batı Cepheleri	Doğu ve Güney Cepheleri	Ankara Antlaşması'nın Millî Mücadele açısından en önemli sonucu aşağıdakilerden hangisidir?	Doğu Cephesi'nin kapanması	Güney Cephesi'nin kapanması	Boğazların Türkiye'ye bırakılması	Kapitülasyonların kaldırılması	Yunanistan'ın savaştan çekilmesi	b	Ankara Antlaşması ile Fransa TBMM'yi tanımış, Güney Cephesi kapanmış ve güney sınırı Hatay dışında büyük ölçüde belirlenmiştir.	orta
Tarih	Millî Mücadele'nin Sona Ermesi	Büyük Taarruz ve Mudanya	Büyük Taarruz hangi tarihte başlamıştır?	19 Mayıs 1919	23 Nisan 1920	26 Ağustos 1922	30 Ağustos 1922	11 Ekim 1922	c	Büyük Taarruz, 26 Ağustos 1922'de başlamıştır.	kolay
Tarih	Millî Mücadele'nin Sona Ermesi	Büyük Taarruz ve Mudanya	Mudanya Ateşkes Antlaşması'nın en önemli sonucu aşağıdakilerden hangisidir?	Doğu Trakya'nın savaşılmadan geri alınması	Boğazların kesin olarak Türkiye'ye bırakılması	Kapitülasyonların kaldırılması	Yunanistan'ın Anadolu'da devlet kurması	Saltanatın kaldırılması	a	Mudanya Ateşkesi ile Doğu Trakya savaş yapılmadan Türkiye'ye bırakılmış, silahlı mücadele büyük ölçüde sona ermiştir.	orta
Tarih	Millî Mücadele'nin Sona Ermesi	Lozan Barış Antlaşması	Lozan Barış Antlaşması ile çözülemeyip daha sonraya bırakılan sorun aşağıdakilerden hangisidir?	Kapitülasyonlar	Azınlıklar	Musul sınırı	Savaş tazminatı	Doğu Trakya	c	Musul Sorunu, Lozan'da çözülememiş ve Türkiye ile İngiltere arasında sonraki görüşmelere bırakılmıştır.	orta
Tarih	Millî Mücadele'nin Sona Ermesi	Lozan Barış Antlaşması	Lozan Barış Antlaşması ile aşağıdakilerden hangisi kesin olarak kaldırılmıştır?	Manda ve himaye	Kapitülasyonlar	Halifelik	Saltanat	Teşkilat-ı Esasiye	b	Lozan Antlaşması ile kapitülasyonlar kesin olarak kaldırılmış; Türkiye'nin ekonomik bağımsızlığı güçlenmiştir.	kolay
Tarih	Atatürk İlkeleri-Siyasi ve Hukuki Gelişmeler	Siyasi Alanda İnkılaplar	Cumhuriyet hangi tarihte ilan edilmiştir?	23 Nisan 1920	1 Kasım 1922	13 Ekim 1923	29 Ekim 1923	3 Mart 1924	d	Cumhuriyet, 29 Ekim 1923'te ilan edilmiştir.	kolay
Tarih	Atatürk İlkeleri-Siyasi ve Hukuki Gelişmeler	Siyasi Alanda İnkılaplar	Cumhuriyetin ilan edilmesiyle aşağıdakilerden hangisi kesinlik kazanmıştır?	Devletin yönetim şekli	Doğu sınırı	Boğazların statüsü	Musul'un Türkiye'ye ait olduğu	Halifeliğin devamı	a	Cumhuriyetin ilanıyla yeni Türk Devleti'nin yönetim şekli kesin olarak belirlenmiştir.	orta
Tarih	Atatürk İlkeleri-Siyasi ve Hukuki Gelişmeler	Siyasi Alanda İnkılaplar	Saltanatın kaldırılması aşağıdaki tarihlerden hangisinde gerçekleşmiştir?	23 Nisan 1920	1 Kasım 1922	29 Ekim 1923	3 Mart 1924	20 Nisan 1924	b	Saltanat 1 Kasım 1922'de kaldırılmıştır.	kolay
Tarih	Atatürk İlkeleri-Siyasi ve Hukuki Gelişmeler	Siyasi Alanda İnkılaplar	Halifeliğin kaldırılmasının temel amacı aşağıdakilerden hangisidir?	Laik ve millî egemenliğe dayalı devlet yapısını güçlendirmek	Osmanlı Devleti'ni yeniden kurmak	Çok partili hayata geçmek	Yeniçeri Ocağını yeniden açmak	Tımar sistemini canlandırmak	a	Halifeliğin kaldırılması, laikleşme ve millî egemenlik anlayışını güçlendiren siyasi inkılaplardan biridir.	orta
Tarih	Atatürk Dönemi'nde Yapılan İnkılaplar	Eğitim, Kültür ve Toplumsal İnkılaplar	Tevhid-i Tedrisat Kanunu'nun temel amacı aşağıdakilerden hangisidir?	Eğitim kurumlarını Millî Eğitim Bakanlığına bağlayarak eğitim birliği sağlamak	Hukuk mahkemelerini kapatmak	Medreseleri yeniden açmak	Askerî okulları kapatmak	Yeni bir vergi sistemi kurmak	a	Tevhid-i Tedrisat Kanunu ile bütün eğitim kurumları Millî Eğitim Bakanlığına bağlanmış ve eğitimde birlik sağlanmıştır.	kolay
Tarih	Atatürk İlkeleri-Siyasi ve Hukuki Gelişmeler	Hukuk Alanı ve Medeni Kanun	Türk Medeni Kanunu'nun kabulüyle aşağıdakilerden hangisi sağlanmıştır?	Şer'i hukukun güçlenmesi	Resmî nikâh ve tek eşlilik esasının kabulü	Saltanatın geri getirilmesi	Kapitülasyonların yeniden verilmesi	Medreselerin açılması	b	Türk Medeni Kanunu ile resmî nikâh ve tek eşlilik kabul edilmiş; kadınlara sosyal ve hukukî alanda yeni haklar tanınmıştır.	orta
Tarih	Atatürk Dönemi'nde Yapılan İnkılaplar	Eğitim, Kültür ve Toplumsal İnkılaplar	Harf İnkılabı sonrasında yeni alfabeyi halka öğretmek amacıyla açılan kurumlar aşağıdakilerden hangisidir?	Halk Evleri	Millet Mektepleri	Nizamiye Medreseleri	Enderunlar	Rüştiyeler	b	Harf İnkılabı'nın ardından okuma yazmayı yaygınlaştırmak amacıyla Millet Mektepleri açılmıştır.	kolay
